config_id,weights,n_races,avg_pts,total_pts,top1_hit_rate,mean_actual_p10_rank,mean_ndcg_at_5,delta_avg_pts,delta_mean_actual_p10_rank,delta_mean_ndcg_at_5,passes_balanced_gate
56,"{""xgb_ranker"": 4.2, ""lgbm_ranker"": 1.95, ""rf_clf"": 1.05, ""lgb_reg"": 0.7, ""xgb_clf"": 0.65}",24,14.416666666666666,346,0.16666666666666666,9.0,0.2268384771807612,1.291666666666666,0.0,0.00020813397712854398,True
65,"{""xgb_ranker"": 4.2, ""lgbm_ranker"": 1.95, ""rf_clf"": 1.5, ""lgb_reg"": 0.7, ""xgb_clf"": 0.65}",24,14.416666666666666,346,0.16666666666666666,9.0,0.22500261691010748,1.291666666666666,0.0,-0.0016277262935251724,True
161,"{""xgb_ranker"": 6.0, ""lgbm_ranker"": 1.95, ""rf_clf"": 1.95, ""lgb_reg"": 1.3, ""xgb_clf"": 0.65}",24,14.291666666666666,343,0.16666666666666666,9.0,0.24081792317770864,1.166666666666666,0.0,0.014187579974075992,True
160,"{""xgb_ranker"": 6.0, ""lgbm_ranker"": 1.95, ""rf_clf"": 1.95, ""lgb_reg"": 1.3, ""xgb_clf"": 0.5}",24,14.291666666666666,343,0.16666666666666666,9.083333333333334,0.24081792317770864,1.166666666666666,0.08333333333333393,0.014187579974075992,True
143,"{""xgb_ranker"": 6.0, ""lgbm_ranker"": 1.95, ""rf_clf"": 1.05, ""lgb_reg"": 1.3, ""xgb_clf"": 0.65}",24,14.291666666666666,343,0.16666666666666666,9.0,0.22666694953788835,1.166666666666666,0.0,3.6606334255701034e-05,True
152,"{""xgb_ranker"": 6.0, ""lgbm_ranker"": 1.95, ""rf_clf"": 1.5, ""lgb_reg"": 1.3, ""xgb_clf"": 0.65}",24,14.291666666666666,343,0.16666666666666666,9.0,0.22666252576709836,1.166666666666666,0.0,3.2182563465710246e-05,True
150,"{""xgb_ranker"": 6.0, ""lgbm_ranker"": 1.95, ""rf_clf"": 1.5, ""lgb_reg"": 1.3, ""xgb_clf"": 0.35}",24,14.291666666666666,343,0.16666666666666666,9.0,0.2266569278622178,1.166666666666666,0.0,2.6584658585154797e-05,True
159,"{""xgb_ranker"": 6.0, ""lgbm_ranker"": 1.95, ""rf_clf"": 1.95, ""lgb_reg"": 1.3, ""xgb_clf"": 0.35}",24,14.291666666666666,343,0.16666666666666666,9.083333333333334,0.22653657548362913,1.166666666666666,0.08333333333333393,-9.376772000352362e-05,True
151,"{""xgb_ranker"": 6.0, ""lgbm_ranker"": 1.95, ""rf_clf"": 1.5, ""lgb_reg"": 1.3, ""xgb_clf"": 0.5}",24,14.291666666666666,343,0.16666666666666666,9.0,0.22653476801841657,1.166666666666666,0.0,-9.55751852160791e-05,True
57,"{""xgb_ranker"": 4.2, ""lgbm_ranker"": 1.95, ""rf_clf"": 1.05, ""lgb_reg"": 1.0, ""xgb_clf"": 0.35}",24,14.291666666666666,343,0.16666666666666666,9.083333333333334,0.22499598912288768,1.166666666666666,0.08333333333333393,-0.0016343540807449708,True
30,"{""xgb_ranker"": 4.2, ""lgbm_ranker"": 1.5, ""rf_clf"": 1.05, ""lgb_reg"": 1.0, ""xgb_clf"": 0.35}",24,14.291666666666666,343,0.16666666666666666,9.041666666666666,0.22487233650221947,1.166666666666666,0.041666666666666075,-0.001758006701413184,True
31,"{""xgb_ranker"": 4.2, ""lgbm_ranker"": 1.5, ""rf_clf"": 1.05, ""lgb_reg"": 1.0, ""xgb_clf"": 0.5}",24,14.291666666666666,343,0.16666666666666666,9.083333333333334,0.22486009692767062,1.166666666666666,0.08333333333333393,-0.001770246275962034,True
3,"{""xgb_ranker"": 4.2, ""lgbm_ranker"": 1.05, ""rf_clf"": 1.05, ""lgb_reg"": 1.0, ""xgb_clf"": 0.35}",24,14.041666666666666,337,0.16666666666666666,8.958333333333334,0.2421390041855166,0.9166666666666661,-0.041666666666666075,0.015508660981883943,True
63,"{""xgb_ranker"": 4.2, ""lgbm_ranker"": 1.95, ""rf_clf"": 1.5, ""lgb_reg"": 0.7, ""xgb_clf"": 0.35}",24,14.0,336,0.16666666666666666,8.916666666666666,0.22686135908395133,0.875,-0.08333333333333393,0.00023101588031868014,True
37,"{""xgb_ranker"": 4.2, ""lgbm_ranker"": 1.5, ""rf_clf"": 1.5, ""lgb_reg"": 0.7, ""xgb_clf"": 0.5}",24,14.0,336,0.16666666666666666,9.0,0.22669442881319932,0.875,0.0,6.408560956666642e-05,True
36,"{""xgb_ranker"": 4.2, ""lgbm_ranker"": 1.5, ""rf_clf"": 1.5, ""lgb_reg"": 0.7, ""xgb_clf"": 0.35}",24,14.0,336,0.16666666666666666,9.041666666666666,0.22669426323399214,0.875,0.041666666666666075,6.392003035948779e-05,True
29,"{""xgb_ranker"": 4.2, ""lgbm_ranker"": 1.5, ""rf_clf"": 1.05, ""lgb_reg"": 0.7, ""xgb_clf"": 0.65}",24,14.0,336,0.16666666666666666,9.0,0.22658377301851054,0.875,0.0,-4.6570185122107866e-05,True
141,"{""xgb_ranker"": 6.0, ""lgbm_ranker"": 1.95, ""rf_clf"": 1.05, ""lgb_reg"": 1.3, ""xgb_clf"": 0.35}",24,14.0,336,0.16666666666666666,8.958333333333334,0.22653982893817304,0.875,-0.041666666666666075,-9.05142654596125e-05,True
142,"{""xgb_ranker"": 6.0, ""lgbm_ranker"": 1.95, ""rf_clf"": 1.05, ""lgb_reg"": 1.3, ""xgb_clf"": 0.5}",24,14.0,336,0.16666666666666666,9.0,0.22652746493611223,0.875,0.0,-0.00010287826752042317,True
74,"{""xgb_ranker"": 4.2, ""lgbm_ranker"": 1.95, ""rf_clf"": 1.95, ""lgb_reg"": 0.7, ""xgb_clf"": 0.65}",24,14.0,336,0.16666666666666666,8.958333333333334,0.22512839348453462,0.875,-0.041666666666666075,-0.0015019497190980335,True
73,"{""xgb_ranker"": 4.2, ""lgbm_ranker"": 1.95, ""rf_clf"": 1.95, ""lgb_reg"": 0.7, ""xgb_clf"": 0.5}",24,14.0,336,0.16666666666666666,8.958333333333334,0.22500134234846111,0.875,-0.041666666666666075,-0.0016290008551715363,True
72,"{""xgb_ranker"": 4.2, ""lgbm_ranker"": 1.95, ""rf_clf"": 1.95, ""lgb_reg"": 0.7, ""xgb_clf"": 0.35}",24,14.0,336,0.16666666666666666,8.958333333333334,0.22498897910099303,0.875,-0.041666666666666075,-0.0016413641026396253,True
64,"{""xgb_ranker"": 4.2, ""lgbm_ranker"": 1.95, ""rf_clf"": 1.5, ""lgb_reg"": 0.7, ""xgb_clf"": 0.5}",24,14.0,336,0.16666666666666666,8.958333333333334,0.22495562974873873,0.875,-0.041666666666666075,-0.0016747134548939224,True
38,"{""xgb_ranker"": 4.2, ""lgbm_ranker"": 1.5, ""rf_clf"": 1.5, ""lgb_reg"": 0.7, ""xgb_clf"": 0.65}",24,14.0,336,0.16666666666666666,9.0,0.22489882225061564,0.875,0.0,-0.0017315209530170128,True
59,"{""xgb_ranker"": 4.2, ""lgbm_ranker"": 1.95, ""rf_clf"": 1.05, ""lgb_reg"": 1.0, ""xgb_clf"": 0.65}",24,13.708333333333334,329,0.16666666666666666,9.041666666666666,0.24082726055030335,0.5833333333333339,0.041666666666666075,0.014196917346670695,True
135,"{""xgb_ranker"": 6.0, ""lgbm_ranker"": 1.95, ""rf_clf"": 1.05, ""lgb_reg"": 0.7, ""xgb_clf"": 0.35}",24,13.708333333333334,329,0.16666666666666666,8.958333333333334,0.2293899601310002,0.5833333333333339,-0.041666666666666075,0.0027596169273675364,True
136,"{""xgb_ranker"": 6.0, ""lgbm_ranker"": 1.95, ""rf_clf"": 1.05, ""lgb_reg"": 0.7, ""xgb_clf"": 0.5}",24,13.708333333333334,329,0.16666666666666666,8.958333333333334,0.22926535486593025,0.5833333333333339,-0.041666666666666075,0.0026350116622975983,True
55,"{""xgb_ranker"": 4.2, ""lgbm_ranker"": 1.95, ""rf_clf"": 1.05, ""lgb_reg"": 0.7, ""xgb_clf"": 0.5}",24,13.708333333333334,329,0.16666666666666666,8.958333333333334,0.22682186171104737,0.5833333333333339,-0.041666666666666075,0.00019151850741472298,True
54,"{""xgb_ranker"": 4.2, ""lgbm_ranker"": 1.95, ""rf_clf"": 1.05, ""lgb_reg"": 0.7, ""xgb_clf"": 0.35}",24,13.708333333333334,329,0.16666666666666666,9.0,0.22680995522774747,0.5833333333333339,0.0,0.00017961202411481691,True
28,"{""xgb_ranker"": 4.2, ""lgbm_ranker"": 1.5, ""rf_clf"": 1.05, ""lgb_reg"": 0.7, ""xgb_clf"": 0.5}",24,13.708333333333334,329,0.16666666666666666,9.0,0.226788640832688,0.5833333333333339,0.0,0.00015829762905533729,True
58,"{""xgb_ranker"": 4.2, ""lgbm_ranker"": 1.95, ""rf_clf"": 1.05, ""lgb_reg"": 1.0, ""xgb_clf"": 0.5}",24,13.708333333333334,329,0.16666666666666666,9.083333333333334,0.22487700267755018,0.5833333333333339,0.08333333333333393,-0.0017533405260824753,True
77,"{""xgb_ranker"": 4.2, ""lgbm_ranker"": 1.95, ""rf_clf"": 1.95, ""lgb_reg"": 1.0, ""xgb_clf"": 0.65}",24,13.708333333333334,329,0.125,9.041666666666666,0.22745924957586924,0.5833333333333339,0.041666666666666075,0.000828906372236593,True
76,"{""xgb_ranker"": 4.2, ""lgbm_ranker"": 1.95, ""rf_clf"": 1.95, ""lgb_reg"": 1.0, ""xgb_clf"": 0.5}",24,13.708333333333334,329,0.125,9.041666666666666,0.22745924774328685,0.5833333333333339,0.041666666666666075,0.0008289045396542016,True
68,"{""xgb_ranker"": 4.2, ""lgbm_ranker"": 1.95, ""rf_clf"": 1.5, ""lgb_reg"": 1.0, ""xgb_clf"": 0.65}",24,13.708333333333334,329,0.125,9.125,0.2256507691409384,0.5833333333333339,0.125,-0.0009795740626942495,True
132,"{""xgb_ranker"": 6.0, ""lgbm_ranker"": 1.5, ""rf_clf"": 1.95, ""lgb_reg"": 1.3, ""xgb_clf"": 0.35}",24,13.625,327,0.16666666666666666,8.958333333333334,0.24232672122864005,0.5,-0.041666666666666075,0.015696378025007396,True
133,"{""xgb_ranker"": 6.0, ""lgbm_ranker"": 1.5, ""rf_clf"": 1.95, ""lgb_reg"": 1.3, ""xgb_clf"": 0.5}",24,13.625,327,0.16666666666666666,8.958333333333334,0.24230361911794315,0.5,-0.041666666666666075,0.015673275914310503,True
124,"{""xgb_ranker"": 6.0, ""lgbm_ranker"": 1.5, ""rf_clf"": 1.5, ""lgb_reg"": 1.3, ""xgb_clf"": 0.5}",24,13.625,327,0.16666666666666666,8.958333333333334,0.24230174472597543,0.5,-0.041666666666666075,0.01567140152234278,True
125,"{""xgb_ranker"": 6.0, ""lgbm_ranker"": 1.5, ""rf_clf"": 1.5, ""lgb_reg"": 1.3, ""xgb_clf"": 0.65}",24,13.625,327,0.16666666666666666,8.958333333333334,0.2422862756461476,0.5,-0.041666666666666075,0.015655932442514953,True
123,"{""xgb_ranker"": 6.0, ""lgbm_ranker"": 1.5, ""rf_clf"": 1.5, ""lgb_reg"": 1.3, ""xgb_clf"": 0.35}",24,13.625,327,0.16666666666666666,8.958333333333334,0.2422390546030054,0.5,-0.041666666666666075,0.015608711399372754,True
116,"{""xgb_ranker"": 6.0, ""lgbm_ranker"": 1.5, ""rf_clf"": 1.05, ""lgb_reg"": 1.3, ""xgb_clf"": 0.65}",24,13.625,327,0.16666666666666666,8.958333333333334,0.22917205543623342,0.5,-0.041666666666666075,0.0025417122326007735,True
223,"{""xgb_ranker"": 7.8, ""lgbm_ranker"": 1.95, ""rf_clf"": 1.05, ""lgb_reg"": 1.3, ""xgb_clf"": 0.5}",24,13.583333333333334,326,0.16666666666666666,9.041666666666666,0.22959486802685372,0.4583333333333339,0.041666666666666075,0.002964524823221071,True
224,"{""xgb_ranker"": 7.8, ""lgbm_ranker"": 1.95, ""rf_clf"": 1.05, ""lgb_reg"": 1.3, ""xgb_clf"": 0.65}",24,13.583333333333334,326,0.16666666666666666,9.041666666666666,0.22959486802685372,0.4583333333333339,0.041666666666666075,0.002964524823221071,True
222,"{""xgb_ranker"": 7.8, ""lgbm_ranker"": 1.95, ""rf_clf"": 1.05, ""lgb_reg"": 1.3, ""xgb_clf"": 0.35}",24,13.583333333333334,326,0.16666666666666666,9.0,0.22956829796279576,0.4583333333333339,0.0,0.002937954759163114,True
111,"{""xgb_ranker"": 6.0, ""lgbm_ranker"": 1.5, ""rf_clf"": 1.05, ""lgb_reg"": 1.0, ""xgb_clf"": 0.35}",24,13.583333333333334,326,0.16666666666666666,9.0,0.22675630329851768,0.4583333333333339,0.0,0.0001259600948850248,True
231,"{""xgb_ranker"": 7.8, ""lgbm_ranker"": 1.95, ""rf_clf"": 1.5, ""lgb_reg"": 1.3, ""xgb_clf"": 0.35}",24,13.583333333333334,326,0.16666666666666666,9.0,0.2266559677642157,0.4583333333333339,0.0,2.5624560583054068e-05,True
41,"{""xgb_ranker"": 4.2, ""lgbm_ranker"": 1.5, ""rf_clf"": 1.5, ""lgb_reg"": 1.0, ""xgb_clf"": 0.65}",24,13.583333333333334,326,0.125,9.041666666666666,0.2274182938389313,0.4583333333333339,0.041666666666666075,0.0007879506352986565,True
50,"{""xgb_ranker"": 4.2, ""lgbm_ranker"": 1.5, ""rf_clf"": 1.95, ""lgb_reg"": 1.0, ""xgb_clf"": 0.65}",24,13.583333333333334,326,0.125,9.0,0.2273956637686477,0.4583333333333339,0.0,0.0007653205650150485,True
40,"{""xgb_ranker"": 4.2, ""lgbm_ranker"": 1.5, ""rf_clf"": 1.5, ""lgb_reg"": 1.0, ""xgb_clf"": 0.5}",24,13.583333333333334,326,0.125,9.041666666666666,0.227250074941463,0.4583333333333339,0.041666666666666075,0.0006197317378303369,True
39,"{""xgb_ranker"": 4.2, ""lgbm_ranker"": 1.5, ""rf_clf"": 1.5, ""lgb_reg"": 1.0, ""xgb_clf"": 0.35}",24,13.583333333333334,326,0.125,9.083333333333334,0.2272280740255482,0.4583333333333339,0.08333333333333393,0.0005977308219155542,True
47,"{""xgb_ranker"": 4.2, ""lgbm_ranker"": 1.5, ""rf_clf"": 1.95, ""lgb_reg"": 0.7, ""xgb_clf"": 0.65}",24,13.541666666666666,325,0.16666666666666666,8.916666666666666,0.2408910746575118,0.4166666666666661,-0.08333333333333393,0.014260731453879155,True
46,"{""xgb_ranker"": 4.2, ""lgbm_ranker"": 1.5, ""rf_clf"": 1.95, ""lgb_reg"": 0.7, ""xgb_clf"": 0.5}",24,13.541666666666666,325,0.16666666666666666,8.958333333333334,0.24085644781488735,0.4166666666666661,-0.041666666666666075,0.014226104611254703,True
45,"{""xgb_ranker"": 4.2, ""lgbm_ranker"": 1.5, ""rf_clf"": 1.95, ""lgb_reg"": 0.7, ""xgb_clf"": 0.35}",24,13.541666666666666,325,0.16666666666666666,9.0,0.24081423428615825,0.4166666666666661,0.0,0.014183891082525601,True
8,"{""xgb_ranker"": 4.2, ""lgbm_ranker"": 1.05, ""rf_clf"": 1.05, ""lgb_reg"": 1.3, ""xgb_clf"": 0.65}",24,13.458333333333334,323,0.125,9.0,0.22792739087924427,0.3333333333333339,0.0,0.0012970476756116178,True
87,"{""xgb_ranker"": 6.0, ""lgbm_ranker"": 1.05, ""rf_clf"": 1.05, ""lgb_reg"": 1.3, ""xgb_clf"": 0.35}",24,13.333333333333334,320,0.16666666666666666,8.875,0.24206852095542342,0.20833333333333393,-0.125,0.015438177751790766,True
115,"{""xgb_ranker"": 6.0, ""lgbm_ranker"": 1.5, ""rf_clf"": 1.05, ""lgb_reg"": 1.3, ""xgb_clf"": 0.5}",24,13.333333333333334,320,0.16666666666666666,8.958333333333334,0.22919983820101716,0.20833333333333393,-0.041666666666666075,0.002569494997384514,True
114,"{""xgb_ranker"": 6.0, ""lgbm_ranker"": 1.5, ""rf_clf"": 1.05, ""lgb_reg"": 1.3, ""xgb_clf"": 0.35}",24,13.333333333333334,320,0.16666666666666666,8.958333333333334,0.22919724673810182,0.20833333333333393,-0.041666666666666075,0.0025669035344691726,True
49,"{""xgb_ranker"": 4.2, ""lgbm_ranker"": 1.5, ""rf_clf"": 1.95, ""lgb_reg"": 1.0, ""xgb_clf"": 0.5}",24,13.333333333333334,320,0.125,9.0,0.22727220186320082,0.20833333333333393,0.0,0.000641858659568173,True
48,"{""xgb_ranker"": 4.2, ""lgbm_ranker"": 1.5, ""rf_clf"": 1.95, ""lgb_reg"": 1.0, ""xgb_clf"": 0.35}",24,13.333333333333334,320,0.125,9.041666666666666,0.22727220186320082,0.20833333333333393,0.041666666666666075,0.000641858659568173,True
4,"{""xgb_ranker"": 4.2, ""lgbm_ranker"": 1.05, ""rf_clf"": 1.05, ""lgb_reg"": 1.0, ""xgb_clf"": 0.5}",24,13.333333333333334,320,0.125,9.0,0.2269303122622469,0.20833333333333393,0.0,0.0002999690586142634,True
69,"{""xgb_ranker"": 4.2, ""lgbm_ranker"": 1.95, ""rf_clf"": 1.5, ""lgb_reg"": 1.3, ""xgb_clf"": 0.35}",24,13.333333333333334,320,0.125,9.166666666666666,0.2255943787287226,0.20833333333333393,0.16666666666666607,-0.001035964474910056,True
71,"{""xgb_ranker"": 4.2, ""lgbm_ranker"": 1.95, ""rf_clf"": 1.5, ""lgb_reg"": 1.3, ""xgb_clf"": 0.65}",24,13.333333333333334,320,0.125,9.125,0.2255006093089924,0.20833333333333393,0.125,-0.0011297338946402447,True
70,"{""xgb_ranker"": 4.2, ""lgbm_ranker"": 1.95, ""rf_clf"": 1.5, ""lgb_reg"": 1.3, ""xgb_clf"": 0.5}",24,13.333333333333334,320,0.125,9.166666666666666,0.2254870696001531,0.20833333333333393,0.16666666666666607,-0.0011432736034795443,True
78,"{""xgb_ranker"": 4.2, ""lgbm_ranker"": 1.95, ""rf_clf"": 1.95, ""lgb_reg"": 1.3, ""xgb_clf"": 0.35}",24,13.333333333333334,320,0.125,9.083333333333334,0.22546461646772634,0.20833333333333393,0.08333333333333393,-0.001165726735906314,True
79,"{""xgb_ranker"": 4.2, ""lgbm_ranker"": 1.95, ""rf_clf"": 1.95, ""lgb_reg"": 1.3, ""xgb_clf"": 0.5}",24,13.333333333333334,320,0.125,9.083333333333334,0.22546459600486315,0.20833333333333393,0.08333333333333393,-0.0011657471987694956,True
80,"{""xgb_ranker"": 4.2, ""lgbm_ranker"": 1.95, ""rf_clf"": 1.95, ""lgb_reg"": 1.3, ""xgb_clf"": 0.65}",24,13.333333333333334,320,0.125,9.083333333333334,0.22546459600486315,0.20833333333333393,0.08333333333333393,-0.0011657471987694956,True
5,"{""xgb_ranker"": 4.2, ""lgbm_ranker"": 1.05, ""rf_clf"": 1.05, ""lgb_reg"": 1.0, ""xgb_clf"": 0.65}",24,13.333333333333334,320,0.125,9.0,0.22524565884434722,0.20833333333333393,0.0,-0.0013846843592854319,True
157,"{""xgb_ranker"": 6.0, ""lgbm_ranker"": 1.95, ""rf_clf"": 1.95, ""lgb_reg"": 1.0, ""xgb_clf"": 0.5}",24,13.291666666666666,319,0.16666666666666666,8.958333333333334,0.22655304774079013,0.16666666666666607,-0.041666666666666075,-7.729546284251931e-05,True
156,"{""xgb_ranker"": 6.0, ""lgbm_ranker"": 1.95, ""rf_clf"": 1.95, ""lgb_reg"": 1.0, ""xgb_clf"": 0.35}",24,13.291666666666666,319,0.16666666666666666,9.0,0.22655129536084764,0.16666666666666607,0.0,-7.90478427850072e-05,True
144,"{""xgb_ranker"": 6.0, ""lgbm_ranker"": 1.95, ""rf_clf"": 1.5, ""lgb_reg"": 0.7, ""xgb_clf"": 0.35}",24,13.25,318,0.16666666666666666,8.916666666666666,0.22951043418668238,0.125,-0.08333333333333393,0.0028800909830497268,True
145,"{""xgb_ranker"": 6.0, ""lgbm_ranker"": 1.95, ""rf_clf"": 1.5, ""lgb_reg"": 0.7, ""xgb_clf"": 0.5}",24,13.25,318,0.16666666666666666,8.958333333333334,0.2294012980014403,0.125,-0.041666666666666075,0.0027709547978076454,True
153,"{""xgb_ranker"": 6.0, ""lgbm_ranker"": 1.95, ""rf_clf"": 1.95, ""lgb_reg"": 0.7, ""xgb_clf"": 0.35}",24,13.25,318,0.16666666666666666,8.958333333333334,0.22940085138231633,0.125,-0.041666666666666075,0.002770508178683684,True
154,"{""xgb_ranker"": 6.0, ""lgbm_ranker"": 1.95, ""rf_clf"": 1.95, ""lgb_reg"": 0.7, ""xgb_clf"": 0.5}",24,13.25,318,0.16666666666666666,8.958333333333334,0.22940085132841684,0.125,-0.041666666666666075,0.002770508124784188,True
137,"{""xgb_ranker"": 6.0, ""lgbm_ranker"": 1.95, ""rf_clf"": 1.05, ""lgb_reg"": 0.7, ""xgb_clf"": 0.65}",24,13.25,318,0.16666666666666666,9.0,0.22936105596983017,0.125,0.0,0.0027307127661975183,True
128,"{""xgb_ranker"": 6.0, ""lgbm_ranker"": 1.5, ""rf_clf"": 1.95, ""lgb_reg"": 0.7, ""xgb_clf"": 0.65}",24,13.25,318,0.16666666666666666,8.958333333333334,0.2293412789131474,0.125,-0.041666666666666075,0.00271093570951475,True
127,"{""xgb_ranker"": 6.0, ""lgbm_ranker"": 1.5, ""rf_clf"": 1.95, ""lgb_reg"": 0.7, ""xgb_clf"": 0.5}",24,13.25,318,0.16666666666666666,8.958333333333334,0.22933857235844213,0.125,-0.041666666666666075,0.0027082291548094772,True
119,"{""xgb_ranker"": 6.0, ""lgbm_ranker"": 1.5, ""rf_clf"": 1.5, ""lgb_reg"": 0.7, ""xgb_clf"": 0.65}",24,13.25,318,0.16666666666666666,8.958333333333334,0.22930469341243417,0.125,-0.041666666666666075,0.0026743502088015236,True
155,"{""xgb_ranker"": 6.0, ""lgbm_ranker"": 1.95, ""rf_clf"": 1.95, ""lgb_reg"": 0.7, ""xgb_clf"": 0.65}",24,13.25,318,0.16666666666666666,8.958333333333334,0.22927799844328942,0.125,-0.041666666666666075,0.0026476552396567654,True
146,"{""xgb_ranker"": 6.0, ""lgbm_ranker"": 1.95, ""rf_clf"": 1.5, ""lgb_reg"": 0.7, ""xgb_clf"": 0.65}",24,13.25,318,0.16666666666666666,8.958333333333334,0.22927670288141455,0.125,-0.041666666666666075,0.002646359677781901,True
98,"{""xgb_ranker"": 6.0, ""lgbm_ranker"": 1.05, ""rf_clf"": 1.5, ""lgb_reg"": 1.3, ""xgb_clf"": 0.65}",24,13.166666666666666,316,0.16666666666666666,8.791666666666666,0.24507229502000008,0.041666666666666075,-0.20833333333333393,0.01844195181636743,True
97,"{""xgb_ranker"": 6.0, ""lgbm_ranker"": 1.05, ""rf_clf"": 1.5, ""lgb_reg"": 1.3, ""xgb_clf"": 0.5}",24,13.166666666666666,316,0.16666666666666666,8.833333333333334,0.245058166456714,0.041666666666666075,-0.16666666666666607,0.018427823253081344,True
96,"{""xgb_ranker"": 6.0, ""lgbm_ranker"": 1.05, ""rf_clf"": 1.5, ""lgb_reg"": 1.3, ""xgb_clf"": 0.35}",24,13.166666666666666,316,0.16666666666666666,8.833333333333334,0.24505795782181106,0.041666666666666075,-0.16666666666666607,0.018427614618178406,True
89,"{""xgb_ranker"": 6.0, ""lgbm_ranker"": 1.05, ""rf_clf"": 1.05, ""lgb_reg"": 1.3, ""xgb_clf"": 0.65}",24,13.166666666666666,316,0.16666666666666666,8.875,0.24505783905090286,0.041666666666666075,-0.125,0.018427495847270214,True
103,"{""xgb_ranker"": 6.0, ""lgbm_ranker"": 1.05, ""rf_clf"": 1.95, ""lgb_reg"": 1.0, ""xgb_clf"": 0.5}",24,13.166666666666666,316,0.16666666666666666,8.75,0.2424104961809831,0.041666666666666075,-0.25,0.015780152977350442,True
102,"{""xgb_ranker"": 6.0, ""lgbm_ranker"": 1.05, ""rf_clf"": 1.95, ""lgb_reg"": 1.0, ""xgb_clf"": 0.35}",24,13.166666666666666,316,0.16666666666666666,8.75,0.24241037560759363,0.041666666666666075,-0.25,0.015780032403960975,True
104,"{""xgb_ranker"": 6.0, ""lgbm_ranker"": 1.05, ""rf_clf"": 1.95, ""lgb_reg"": 1.0, ""xgb_clf"": 0.65}",24,13.166666666666666,316,0.16666666666666666,8.666666666666666,0.24239830585430902,0.041666666666666075,-0.3333333333333339,0.01576796265067637,True
134,"{""xgb_ranker"": 6.0, ""lgbm_ranker"": 1.5, ""rf_clf"": 1.95, ""lgb_reg"": 1.3, ""xgb_clf"": 0.65}",24,13.166666666666666,316,0.16666666666666666,9.0,0.240464702209481,0.041666666666666075,0.0,0.01383435900584834,True
112,"{""xgb_ranker"": 6.0, ""lgbm_ranker"": 1.5, ""rf_clf"": 1.05, ""lgb_reg"": 1.0, ""xgb_clf"": 0.5}",24,13.125,315,0.16666666666666666,9.0,0.2267407589191547,0.0,0.0,0.00011041571552206086,True
120,"{""xgb_ranker"": 6.0, ""lgbm_ranker"": 1.5, ""rf_clf"": 1.5, ""lgb_reg"": 1.0, ""xgb_clf"": 0.35}",24,13.125,315,0.16666666666666666,9.0,0.22664270720569346,0.0,0.0,1.2364002060810675e-05,True
240,"{""xgb_ranker"": 7.8, ""lgbm_ranker"": 1.95, ""rf_clf"": 1.95, ""lgb_reg"": 1.3, ""xgb_clf"": 0.35}",24,13.125,315,0.16666666666666666,9.0,0.22664270720569346,0.0,0.0,1.2364002060810675e-05,True
241,"{""xgb_ranker"": 7.8, ""lgbm_ranker"": 1.95, ""rf_clf"": 1.95, ""lgb_reg"": 1.3, ""xgb_clf"": 0.5}",24,13.125,315,0.16666666666666666,9.0,0.22664270720569346,0.0,0.0,1.2364002060810675e-05,True
233,"{""xgb_ranker"": 7.8, ""lgbm_ranker"": 1.95, ""rf_clf"": 1.5, ""lgb_reg"": 1.3, ""xgb_clf"": 0.65}",24,13.125,315,0.16666666666666666,9.0,0.22663162273391266,0.0,0.0,1.2795302800072683e-06,True
232,"{""xgb_ranker"": 7.8, ""lgbm_ranker"": 1.95, ""rf_clf"": 1.5, ""lgb_reg"": 1.3, ""xgb_clf"": 0.5}",24,13.125,315,0.16666666666666666,9.0,0.22663034395822543,0.0,0.0,7.545927771523964e-10,True
0,"{""xgb_ranker"": 4.2, ""lgbm_ranker"": 1.05, ""rf_clf"": 1.05, ""lgb_reg"": 0.7, ""xgb_clf"": 0.35}",24,13.125,315,0.16666666666666666,9.0,0.22663034320363265,0.0,0.0,0.0,True
121,"{""xgb_ranker"": 6.0, ""lgbm_ranker"": 1.5, ""rf_clf"": 1.5, ""lgb_reg"": 1.0, ""xgb_clf"": 0.5}",24,13.125,315,0.16666666666666666,9.0,0.22663034320363265,0.0,0.0,0.0,True
242,"{""xgb_ranker"": 7.8, ""lgbm_ranker"": 1.95, ""rf_clf"": 1.95, ""lgb_reg"": 1.3, ""xgb_clf"": 0.65}",24,13.125,315,0.16666666666666666,9.0,0.22663034320363265,0.0,0.0,0.0,True
113,"{""xgb_ranker"": 6.0, ""lgbm_ranker"": 1.5, ""rf_clf"": 1.05, ""lgb_reg"": 1.0, ""xgb_clf"": 0.65}",24,13.125,315,0.16666666666666666,9.0,0.22650701746884272,0.0,0.0,-0.0001233257347899308,True
122,"{""xgb_ranker"": 6.0, ""lgbm_ranker"": 1.5, ""rf_clf"": 1.5, ""lgb_reg"": 1.0, ""xgb_clf"": 0.65}",24,13.125,315,0.16666666666666666,9.0,0.22650701671425,0.0,0.0,-0.00012332648938265245,True
62,"{""xgb_ranker"": 4.2, ""lgbm_ranker"": 1.95, ""rf_clf"": 1.05, ""lgb_reg"": 1.3, ""xgb_clf"": 0.65}",24,13.583333333333334,326,0.125,9.166666666666666,0.22382407222431888,0.4583333333333339,0.16666666666666607,-0.0028062709793137686,False
61,"{""xgb_ranker"": 4.2, ""lgbm_ranker"": 1.95, ""rf_clf"": 1.05, ""lgb_reg"": 1.3, ""xgb_clf"": 0.5}",24,13.583333333333334,326,0.125,9.166666666666666,0.22378058067449533,0.4583333333333339,0.16666666666666607,-0.002849762529137323,False
60,"{""xgb_ranker"": 4.2, ""lgbm_ranker"": 1.95, ""rf_clf"": 1.05, ""lgb_reg"": 1.3, ""xgb_clf"": 0.35}",24,13.583333333333334,326,0.125,9.208333333333334,0.22376367254835414,0.4583333333333339,0.20833333333333393,-0.0028666706552785137,False
32,"{""xgb_ranker"": 4.2, ""lgbm_ranker"": 1.5, ""rf_clf"": 1.05, ""lgb_reg"": 1.0, ""xgb_clf"": 0.65}",24,13.583333333333334,326,0.125,9.125,0.20964460889872805,0.4583333333333339,0.125,-0.016985734304904604,False
26,"{""xgb_ranker"": 4.2, ""lgbm_ranker"": 1.05, ""rf_clf"": 1.95, ""lgb_reg"": 1.3, ""xgb_clf"": 0.65}",24,13.458333333333334,323,0.125,9.0,0.21214220439721224,0.3333333333333339,0.0,-0.014488138806420414,False
25,"{""xgb_ranker"": 4.2, ""lgbm_ranker"": 1.05, ""rf_clf"": 1.95, ""lgb_reg"": 1.3, ""xgb_clf"": 0.5}",24,13.458333333333334,323,0.125,9.0,0.21201581850518325,0.3333333333333339,0.0,-0.0146145246984494,False
24,"{""xgb_ranker"": 4.2, ""lgbm_ranker"": 1.05, ""rf_clf"": 1.95, ""lgb_reg"": 1.3, ""xgb_clf"": 0.35}",24,13.458333333333334,323,0.125,9.0,0.21200562581451074,0.3333333333333339,0.0,-0.01462471738912191,False
17,"{""xgb_ranker"": 4.2, ""lgbm_ranker"": 1.05, ""rf_clf"": 1.5, ""lgb_reg"": 1.3, ""xgb_clf"": 0.65}",24,13.458333333333334,323,0.125,9.0,0.21199228244028,0.3333333333333339,0.0,-0.01463806076335264,False
15,"{""xgb_ranker"": 4.2, ""lgbm_ranker"": 1.05, ""rf_clf"": 1.5, ""lgb_reg"": 1.3, ""xgb_clf"": 0.35}",24,13.458333333333334,323,0.125,8.958333333333334,0.21196084487851427,0.3333333333333339,-0.041666666666666075,-0.01466949832511838,False
16,"{""xgb_ranker"": 4.2, ""lgbm_ranker"": 1.05, ""rf_clf"": 1.5, ""lgb_reg"": 1.3, ""xgb_clf"": 0.5}",24,13.458333333333334,323,0.125,9.0,0.2119608244156511,0.3333333333333339,0.0,-0.014669518787981561,False
44,"{""xgb_ranker"": 4.2, ""lgbm_ranker"": 1.5, ""rf_clf"": 1.5, ""lgb_reg"": 1.3, ""xgb_clf"": 0.65}",24,13.083333333333334,314,0.125,9.083333333333334,0.225341566771994,-0.041666666666666075,0.08333333333333393,-0.0012887764316386607,False
43,"{""xgb_ranker"": 4.2, ""lgbm_ranker"": 1.5, ""rf_clf"": 1.5, ""lgb_reg"": 1.3, ""xgb_clf"": 0.5}",24,13.083333333333334,314,0.125,9.125,0.22532445950326566,-0.041666666666666075,0.125,-0.0013058837003669943,False
53,"{""xgb_ranker"": 4.2, ""lgbm_ranker"": 1.5, ""rf_clf"": 1.95, ""lgb_reg"": 1.3, ""xgb_clf"": 0.65}",24,13.083333333333334,314,0.125,9.0,0.2253192213225499,-0.041666666666666075,0.0,-0.0013111218810827607,False
51,"{""xgb_ranker"": 4.2, ""lgbm_ranker"": 1.5, ""rf_clf"": 1.95, ""lgb_reg"": 1.3, ""xgb_clf"": 0.35}",24,13.083333333333334,314,0.125,9.041666666666666,0.22531755488663285,-0.041666666666666075,0.041666666666666075,-0.0013127883169997967,False
52,"{""xgb_ranker"": 4.2, ""lgbm_ranker"": 1.5, ""rf_clf"": 1.95, ""lgb_reg"": 1.3, ""xgb_clf"": 0.5}",24,13.083333333333334,314,0.125,9.0,0.22531746894260743,-0.041666666666666075,0.0,-0.0013128742610252209,False
42,"{""xgb_ranker"": 4.2, ""lgbm_ranker"": 1.5, ""rf_clf"": 1.5, ""lgb_reg"": 1.3, ""xgb_clf"": 0.35}",24,13.083333333333334,314,0.125,9.166666666666666,0.2252599115267164,-0.041666666666666075,0.16666666666666607,-0.0013704316769162506,False
12,"{""xgb_ranker"": 4.2, ""lgbm_ranker"": 1.05, ""rf_clf"": 1.5, ""lgb_reg"": 1.0, ""xgb_clf"": 0.35}",24,13.083333333333334,314,0.125,8.916666666666666,0.22525194609516622,-0.041666666666666075,-0.08333333333333393,-0.0013783971084664337,False
13,"{""xgb_ranker"": 4.2, ""lgbm_ranker"": 1.05, ""rf_clf"": 1.5, ""lgb_reg"": 1.0, ""xgb_clf"": 0.5}",24,13.083333333333334,314,0.125,8.916666666666666,0.22525000743462675,-0.041666666666666075,-0.08333333333333393,-0.001380335769005897,False
34,"{""xgb_ranker"": 4.2, ""lgbm_ranker"": 1.5, ""rf_clf"": 1.05, ""lgb_reg"": 1.3, ""xgb_clf"": 0.5}",24,13.083333333333334,314,0.125,9.125,0.22524706228958294,-0.041666666666666075,0.125,-0.0013832809140497115,False
35,"{""xgb_ranker"": 4.2, ""lgbm_ranker"": 1.5, ""rf_clf"": 1.05, ""lgb_reg"": 1.3, ""xgb_clf"": 0.65}",24,13.083333333333334,314,0.125,9.083333333333334,0.22524182696370157,-0.041666666666666075,0.08333333333333393,-0.0013885162399310813,False
33,"{""xgb_ranker"": 4.2, ""lgbm_ranker"": 1.5, ""rf_clf"": 1.05, ""lgb_reg"": 1.3, ""xgb_clf"": 0.35}",24,13.083333333333334,314,0.125,9.166666666666666,0.20940141711028584,-0.041666666666666075,0.16666666666666607,-0.017228926093346808,False
27,"{""xgb_ranker"": 4.2, ""lgbm_ranker"": 1.5, ""rf_clf"": 1.05, ""lgb_reg"": 0.7, ""xgb_clf"": 0.35}",24,13.0,312,0.16666666666666666,9.0,0.22666815771173746,-0.125,0.0,3.7814508104805356e-05,False
147,"{""xgb_ranker"": 6.0, ""lgbm_ranker"": 1.95, ""rf_clf"": 1.5, ""lgb_reg"": 1.0, ""xgb_clf"": 0.35}",24,13.0,312,0.16666666666666666,9.0,0.22666815771173746,-0.125,0.0,3.7814508104805356e-05,False
140,"{""xgb_ranker"": 6.0, ""lgbm_ranker"": 1.95, ""rf_clf"": 1.05, ""lgb_reg"": 1.0, ""xgb_clf"": 0.65}",24,13.0,312,0.16666666666666666,9.0,0.22663386808488148,-0.125,0.0,3.5248812488286596e-06,False
138,"{""xgb_ranker"": 6.0, ""lgbm_ranker"": 1.95, ""rf_clf"": 1.05, ""lgb_reg"": 1.0, ""xgb_clf"": 0.35}",24,13.0,312,0.16666666666666666,8.958333333333334,0.22663215785433355,-0.125,-0.041666666666666075,1.8146507008987012e-06,False
139,"{""xgb_ranker"": 6.0, ""lgbm_ranker"": 1.95, ""rf_clf"": 1.05, ""lgb_reg"": 1.0, ""xgb_clf"": 0.5}",24,13.0,312,0.16666666666666666,9.0,0.22663215785433355,-0.125,0.0,1.8146507008987012e-06,False
148,"{""xgb_ranker"": 6.0, ""lgbm_ranker"": 1.95, ""rf_clf"": 1.5, ""lgb_reg"": 1.0, ""xgb_clf"": 0.5}",24,13.0,312,0.16666666666666666,9.0,0.22655880086201816,-0.125,0.0,-7.154234161449446e-05,False
149,"{""xgb_ranker"": 6.0, ""lgbm_ranker"": 1.95, ""rf_clf"": 1.5, ""lgb_reg"": 1.0, ""xgb_clf"": 0.65}",24,13.0,312,0.16666666666666666,9.0,0.22655880086201816,-0.125,0.0,-7.154234161449446e-05,False
66,"{""xgb_ranker"": 4.2, ""lgbm_ranker"": 1.95, ""rf_clf"": 1.5, ""lgb_reg"": 1.0, ""xgb_clf"": 0.35}",24,13.0,312,0.125,9.125,0.22559869899716425,-0.125,0.125,-0.0010316442064683962,False
67,"{""xgb_ranker"": 4.2, ""lgbm_ranker"": 1.95, ""rf_clf"": 1.5, ""lgb_reg"": 1.0, ""xgb_clf"": 0.5}",24,13.0,312,0.125,9.166666666666666,0.22553177634065125,-0.125,0.16666666666666607,-0.0010985668629814038,False
75,"{""xgb_ranker"": 4.2, ""lgbm_ranker"": 1.95, ""rf_clf"": 1.95, ""lgb_reg"": 1.0, ""xgb_clf"": 0.35}",24,13.0,312,0.125,9.083333333333334,0.22553177209258216,-0.125,0.08333333333333393,-0.0010985711110504948,False
105,"{""xgb_ranker"": 6.0, ""lgbm_ranker"": 1.05, ""rf_clf"": 1.95, ""lgb_reg"": 1.3, ""xgb_clf"": 0.35}",24,12.916666666666666,310,0.16666666666666666,8.791666666666666,0.2423580983245577,-0.20833333333333393,-0.20833333333333393,0.015727755120925058,False
93,"{""xgb_ranker"": 6.0, ""lgbm_ranker"": 1.05, ""rf_clf"": 1.5, ""lgb_reg"": 1.0, ""xgb_clf"": 0.35}",24,12.875,309,0.16666666666666666,8.791666666666666,0.24521134143072712,-0.25,-0.20833333333333393,0.01858099822709447,False
188,"{""xgb_ranker"": 7.8, ""lgbm_ranker"": 1.05, ""rf_clf"": 1.95, ""lgb_reg"": 1.3, ""xgb_clf"": 0.65}",24,12.875,309,0.16666666666666666,8.75,0.24516003214855486,-0.25,-0.25,0.018529688944922212,False
178,"{""xgb_ranker"": 7.8, ""lgbm_ranker"": 1.05, ""rf_clf"": 1.5, ""lgb_reg"": 1.3, ""xgb_clf"": 0.5}",24,12.875,309,0.16666666666666666,8.875,0.24506708985214498,-0.25,-0.125,0.01843674664851233,False
177,"{""xgb_ranker"": 7.8, ""lgbm_ranker"": 1.05, ""rf_clf"": 1.5, ""lgb_reg"": 1.3, ""xgb_clf"": 0.35}",24,12.875,309,0.16666666666666666,8.916666666666666,0.24506513491396206,-0.25,-0.08333333333333393,0.018434791710329412,False
186,"{""xgb_ranker"": 7.8, ""lgbm_ranker"": 1.05, ""rf_clf"": 1.95, ""lgb_reg"": 1.3, ""xgb_clf"": 0.35}",24,12.875,309,0.16666666666666666,8.791666666666666,0.24504500435071772,-0.25,-0.20833333333333393,0.018414661147085065,False
187,"{""xgb_ranker"": 7.8, ""lgbm_ranker"": 1.05, ""rf_clf"": 1.95, ""lgb_reg"": 1.3, ""xgb_clf"": 0.5}",24,12.875,309,0.16666666666666666,8.791666666666666,0.24504500435071772,-0.25,-0.20833333333333393,0.018414661147085065,False
179,"{""xgb_ranker"": 7.8, ""lgbm_ranker"": 1.05, ""rf_clf"": 1.5, ""lgb_reg"": 1.3, ""xgb_clf"": 0.65}",24,12.875,309,0.16666666666666666,8.875,0.2450344843197767,-0.25,-0.125,0.01840414111614405,False
95,"{""xgb_ranker"": 6.0, ""lgbm_ranker"": 1.05, ""rf_clf"": 1.5, ""lgb_reg"": 1.0, ""xgb_clf"": 0.65}",24,12.875,309,0.16666666666666666,8.791666666666666,0.24248400844811546,-0.25,-0.20833333333333393,0.015853665244482812,False
94,"{""xgb_ranker"": 6.0, ""lgbm_ranker"": 1.05, ""rf_clf"": 1.5, ""lgb_reg"": 1.0, ""xgb_clf"": 0.5}",24,12.875,309,0.16666666666666666,8.833333333333334,0.24248400603262876,-0.25,-0.16666666666666607,0.015853662828996112,False
88,"{""xgb_ranker"": 6.0, ""lgbm_ranker"": 1.05, ""rf_clf"": 1.05, ""lgb_reg"": 1.3, ""xgb_clf"": 0.5}",24,12.875,309,0.16666666666666666,8.916666666666666,0.24218001164971822,-0.25,-0.08333333333333393,0.015549668446085574,False
183,"{""xgb_ranker"": 7.8, ""lgbm_ranker"": 1.05, ""rf_clf"": 1.95, ""lgb_reg"": 1.0, ""xgb_clf"": 0.35}",24,12.875,309,0.16666666666666666,8.875,0.2322297764365342,-0.25,-0.125,0.005599433232901546,False
184,"{""xgb_ranker"": 7.8, ""lgbm_ranker"": 1.05, ""rf_clf"": 1.95, ""lgb_reg"": 1.0, ""xgb_clf"": 0.5}",24,12.875,309,0.16666666666666666,8.875,0.2322297764365342,-0.25,-0.125,0.005599433232901546,False
175,"{""xgb_ranker"": 7.8, ""lgbm_ranker"": 1.05, ""rf_clf"": 1.5, ""lgb_reg"": 1.0, ""xgb_clf"": 0.5}",24,12.875,309,0.16666666666666666,9.041666666666666,0.23222816780673616,-0.25,0.041666666666666075,0.005597824603103513,False
176,"{""xgb_ranker"": 7.8, ""lgbm_ranker"": 1.05, ""rf_clf"": 1.5, ""lgb_reg"": 1.0, ""xgb_clf"": 0.65}",24,12.875,309,0.16666666666666666,9.041666666666666,0.23222624939722994,-0.25,0.041666666666666075,0.005595906193597289,False
174,"{""xgb_ranker"": 7.8, ""lgbm_ranker"": 1.05, ""rf_clf"": 1.5, ""lgb_reg"": 1.0, ""xgb_clf"": 0.35}",24,12.875,309,0.16666666666666666,9.041666666666666,0.23210173548499366,-0.25,0.041666666666666075,0.005471392281361009,False
167,"{""xgb_ranker"": 7.8, ""lgbm_ranker"": 1.05, ""rf_clf"": 1.05, ""lgb_reg"": 1.0, ""xgb_clf"": 0.65}",24,12.875,309,0.16666666666666666,9.041666666666666,0.2320645550234218,-0.25,0.041666666666666075,0.005434211819789148,False
165,"{""xgb_ranker"": 7.8, ""lgbm_ranker"": 1.05, ""rf_clf"": 1.05, ""lgb_reg"": 1.0, ""xgb_clf"": 0.35}",24,12.875,309,0.16666666666666666,9.083333333333334,0.2320645550234218,-0.25,0.08333333333333393,0.005434211819789148,False
166,"{""xgb_ranker"": 7.8, ""lgbm_ranker"": 1.05, ""rf_clf"": 1.05, ""lgb_reg"": 1.0, ""xgb_clf"": 0.5}",24,12.875,309,0.16666666666666666,9.083333333333334,0.2320645550234218,-0.25,0.08333333333333393,0.005434211819789148,False
185,"{""xgb_ranker"": 7.8, ""lgbm_ranker"": 1.05, ""rf_clf"": 1.95, ""lgb_reg"": 1.0, ""xgb_clf"": 0.65}",24,12.875,309,0.16666666666666666,8.916666666666666,0.22939157711953265,-0.25,-0.08333333333333393,0.0027612339158999966,False
86,"{""xgb_ranker"": 6.0, ""lgbm_ranker"": 1.05, ""rf_clf"": 1.05, ""lgb_reg"": 1.0, ""xgb_clf"": 0.65}",24,12.875,309,0.16666666666666666,8.958333333333334,0.22926919316501038,-0.25,-0.041666666666666075,0.002638849961377726,False
197,"{""xgb_ranker"": 7.8, ""lgbm_ranker"": 1.5, ""rf_clf"": 1.05, ""lgb_reg"": 1.3, ""xgb_clf"": 0.65}",24,12.875,309,0.16666666666666666,9.0,0.22926724620774372,-0.25,0.0,0.0026369030041110686,False
205,"{""xgb_ranker"": 7.8, ""lgbm_ranker"": 1.5, ""rf_clf"": 1.5, ""lgb_reg"": 1.3, ""xgb_clf"": 0.5}",24,12.875,309,0.16666666666666666,9.0,0.2292463718138796,-0.25,0.0,0.0026160286102469565,False
206,"{""xgb_ranker"": 7.8, ""lgbm_ranker"": 1.5, ""rf_clf"": 1.5, ""lgb_reg"": 1.3, ""xgb_clf"": 0.65}",24,12.875,309,0.16666666666666666,8.958333333333334,0.22923228568582157,-0.25,-0.041666666666666075,0.0026019424821889237,False
204,"{""xgb_ranker"": 7.8, ""lgbm_ranker"": 1.5, ""rf_clf"": 1.5, ""lgb_reg"": 1.3, ""xgb_clf"": 0.35}",24,12.875,309,0.16666666666666666,9.0,0.22912164522082748,-0.25,0.0,0.0024913020171948297,False
84,"{""xgb_ranker"": 6.0, ""lgbm_ranker"": 1.05, ""rf_clf"": 1.05, ""lgb_reg"": 1.0, ""xgb_clf"": 0.35}",24,12.875,309,0.16666666666666666,8.958333333333334,0.22911969826356074,-0.25,-0.041666666666666075,0.002489355059928089,False
195,"{""xgb_ranker"": 7.8, ""lgbm_ranker"": 1.5, ""rf_clf"": 1.05, ""lgb_reg"": 1.3, ""xgb_clf"": 0.35}",24,12.875,309,0.16666666666666666,9.0,0.22911797768032338,-0.25,0.0,0.002487634476690731,False
196,"{""xgb_ranker"": 7.8, ""lgbm_ranker"": 1.5, ""rf_clf"": 1.05, ""lgb_reg"": 1.3, ""xgb_clf"": 0.5}",24,12.875,309,0.16666666666666666,9.0,0.22911775701584616,-0.25,0.0,0.0024874138122135125,False
85,"{""xgb_ranker"": 6.0, ""lgbm_ranker"": 1.05, ""rf_clf"": 1.05, ""lgb_reg"": 1.0, ""xgb_clf"": 0.5}",24,12.875,309,0.16666666666666666,8.958333333333334,0.22910752959341696,-0.25,-0.041666666666666075,0.0024771863897843083,False
168,"{""xgb_ranker"": 7.8, ""lgbm_ranker"": 1.05, ""rf_clf"": 1.05, ""lgb_reg"": 1.3, ""xgb_clf"": 0.35}",24,12.875,309,0.16666666666666666,9.041666666666666,0.2290981218412772,-0.25,0.041666666666666075,0.002467778637644552,False
170,"{""xgb_ranker"": 7.8, ""lgbm_ranker"": 1.05, ""rf_clf"": 1.05, ""lgb_reg"": 1.3, ""xgb_clf"": 0.65}",24,12.875,309,0.16666666666666666,9.0,0.2290875922579094,-0.25,0.0,0.0024572490542767444,False
169,"{""xgb_ranker"": 7.8, ""lgbm_ranker"": 1.05, ""rf_clf"": 1.05, ""lgb_reg"": 1.3, ""xgb_clf"": 0.5}",24,12.875,309,0.16666666666666666,9.041666666666666,0.22908388488588452,-0.25,0.041666666666666075,0.0024535416822518696,False
215,"{""xgb_ranker"": 7.8, ""lgbm_ranker"": 1.5, ""rf_clf"": 1.95, ""lgb_reg"": 1.3, ""xgb_clf"": 0.65}",24,12.875,309,0.16666666666666666,8.958333333333334,0.22655532380971852,-0.25,-0.041666666666666075,-7.501939391413304e-05,False
214,"{""xgb_ranker"": 7.8, ""lgbm_ranker"": 1.5, ""rf_clf"": 1.95, ""lgb_reg"": 1.3, ""xgb_clf"": 0.5}",24,12.875,309,0.16666666666666666,9.0,0.226532441849966,-0.25,0.0,-9.790135366666286e-05,False
213,"{""xgb_ranker"": 7.8, ""lgbm_ranker"": 1.5, ""rf_clf"": 1.95, ""lgb_reg"": 1.3, ""xgb_clf"": 0.35}",24,12.875,309,0.16666666666666666,8.958333333333334,0.22640771284142716,-0.25,-0.041666666666666075,-0.00022263036220548926,False
10,"{""xgb_ranker"": 4.2, ""lgbm_ranker"": 1.05, ""rf_clf"": 1.5, ""lgb_reg"": 0.7, ""xgb_clf"": 0.5}",24,12.833333333333334,308,0.16666666666666666,8.916666666666666,0.24249106354817207,-0.2916666666666661,-0.08333333333333393,0.01586072034453942,False
9,"{""xgb_ranker"": 4.2, ""lgbm_ranker"": 1.05, ""rf_clf"": 1.5, ""lgb_reg"": 0.7, ""xgb_clf"": 0.35}",24,12.833333333333334,308,0.16666666666666666,8.958333333333334,0.24248978477248487,-0.2916666666666661,-0.041666666666666075,0.015859441568852217,False
18,"{""xgb_ranker"": 4.2, ""lgbm_ranker"": 1.05, ""rf_clf"": 1.95, ""lgb_reg"": 0.7, ""xgb_clf"": 0.35}",24,12.833333333333334,308,0.16666666666666666,8.916666666666666,0.24245089939002248,-0.2916666666666661,-0.08333333333333393,0.015820556186389834,False
11,"{""xgb_ranker"": 4.2, ""lgbm_ranker"": 1.05, ""rf_clf"": 1.5, ""lgb_reg"": 0.7, ""xgb_clf"": 0.65}",24,12.833333333333334,308,0.16666666666666666,8.875,0.2423523426556916,-0.2916666666666661,-0.125,0.01572199945205896,False
19,"{""xgb_ranker"": 4.2, ""lgbm_ranker"": 1.05, ""rf_clf"": 1.95, ""lgb_reg"": 0.7, ""xgb_clf"": 0.5}",24,12.833333333333334,308,0.16666666666666666,8.958333333333334,0.24067906296169914,-0.2916666666666661,-0.041666666666666075,0.014048719758066486,False
20,"{""xgb_ranker"": 4.2, ""lgbm_ranker"": 1.05, ""rf_clf"": 1.95, ""lgb_reg"": 0.7, ""xgb_clf"": 0.65}",24,12.833333333333334,308,0.16666666666666666,8.916666666666666,0.24055398409237394,-0.2916666666666661,-0.08333333333333393,0.01392364088874129,False
216,"{""xgb_ranker"": 7.8, ""lgbm_ranker"": 1.95, ""rf_clf"": 1.05, ""lgb_reg"": 0.7, ""xgb_clf"": 0.35}",24,12.833333333333334,308,0.16666666666666666,9.083333333333334,0.2292183985162198,-0.2916666666666661,0.08333333333333393,0.0025880553125871564,False
158,"{""xgb_ranker"": 6.0, ""lgbm_ranker"": 1.95, ""rf_clf"": 1.95, ""lgb_reg"": 1.0, ""xgb_clf"": 0.65}",24,12.833333333333334,308,0.16666666666666666,8.958333333333334,0.22653818079007257,-0.2916666666666661,-0.041666666666666075,-9.216241356008181e-05,False
131,"{""xgb_ranker"": 6.0, ""lgbm_ranker"": 1.5, ""rf_clf"": 1.95, ""lgb_reg"": 1.0, ""xgb_clf"": 0.65}",24,12.833333333333334,308,0.16666666666666666,8.958333333333334,0.22652602118270596,-0.2916666666666661,-0.041666666666666075,-0.00010432202092669485,False
130,"{""xgb_ranker"": 6.0, ""lgbm_ranker"": 1.5, ""rf_clf"": 1.95, ""lgb_reg"": 1.0, ""xgb_clf"": 0.5}",24,12.833333333333334,308,0.16666666666666666,8.958333333333334,0.22652303109035024,-0.2916666666666661,-0.041666666666666075,-0.00010731211328240953,False
129,"{""xgb_ranker"": 6.0, ""lgbm_ranker"": 1.5, ""rf_clf"": 1.95, ""lgb_reg"": 1.0, ""xgb_clf"": 0.35}",24,12.833333333333334,308,0.16666666666666666,9.0,0.22648547574721278,-0.2916666666666661,0.0,-0.0001448674564198671,False
1,"{""xgb_ranker"": 4.2, ""lgbm_ranker"": 1.05, ""rf_clf"": 1.05, ""lgb_reg"": 0.7, ""xgb_clf"": 0.5}",24,12.833333333333334,308,0.16666666666666666,9.0,0.2264027882776365,-0.2916666666666661,0.0,-0.00022755492599615956,False
2,"{""xgb_ranker"": 4.2, ""lgbm_ranker"": 1.05, ""rf_clf"": 1.05, ""lgb_reg"": 0.7, ""xgb_clf"": 0.65}",24,12.833333333333334,308,0.16666666666666666,8.916666666666666,0.22640165426229017,-0.2916666666666661,-0.08333333333333393,-0.00022868894134248086,False
235,"{""xgb_ranker"": 7.8, ""lgbm_ranker"": 1.95, ""rf_clf"": 1.95, ""lgb_reg"": 0.7, ""xgb_clf"": 0.5}",24,12.75,306,0.16666666666666666,9.0,0.22923910777352408,-0.375,0.0,0.0026087645698914252,False
236,"{""xgb_ranker"": 7.8, ""lgbm_ranker"": 1.95, ""rf_clf"": 1.95, ""lgb_reg"": 0.7, ""xgb_clf"": 0.65}",24,12.75,306,0.16666666666666666,9.0,0.22923910777352408,-0.375,0.0,0.0026087645698914252,False
234,"{""xgb_ranker"": 7.8, ""lgbm_ranker"": 1.95, ""rf_clf"": 1.95, ""lgb_reg"": 0.7, ""xgb_clf"": 0.35}",24,12.75,306,0.16666666666666666,9.041666666666666,0.22923910777352408,-0.375,0.041666666666666075,0.0026087645698914252,False
227,"{""xgb_ranker"": 7.8, ""lgbm_ranker"": 1.95, ""rf_clf"": 1.5, ""lgb_reg"": 0.7, ""xgb_clf"": 0.65}",24,12.75,306,0.16666666666666666,9.041666666666666,0.22912805323267527,-0.375,0.041666666666666075,0.0024977100290426157,False
7,"{""xgb_ranker"": 4.2, ""lgbm_ranker"": 1.05, ""rf_clf"": 1.05, ""lgb_reg"": 1.3, ""xgb_clf"": 0.5}",24,12.75,306,0.125,9.041666666666666,0.22780666206930525,-0.375,0.041666666666666075,0.0011763188656725987,False
6,"{""xgb_ranker"": 4.2, ""lgbm_ranker"": 1.05, ""rf_clf"": 1.05, ""lgb_reg"": 1.3, ""xgb_clf"": 0.35}",24,12.75,306,0.125,9.083333333333334,0.2249457928435712,-0.375,0.08333333333333393,-0.0016845503600614598,False
14,"{""xgb_ranker"": 4.2, ""lgbm_ranker"": 1.05, ""rf_clf"": 1.5, ""lgb_reg"": 1.0, ""xgb_clf"": 0.65}",24,12.625,303,0.125,8.875,0.2270413727267461,-0.5,-0.125,0.00041102952311344865,False
23,"{""xgb_ranker"": 4.2, ""lgbm_ranker"": 1.05, ""rf_clf"": 1.95, ""lgb_reg"": 1.0, ""xgb_clf"": 0.65}",24,12.625,303,0.125,9.0,0.22528957697344806,-0.5,0.0,-0.0013407662301845868,False
22,"{""xgb_ranker"": 4.2, ""lgbm_ranker"": 1.05, ""rf_clf"": 1.95, ""lgb_reg"": 1.0, ""xgb_clf"": 0.5}",24,12.625,303,0.125,9.0,0.22524755493841395,-0.5,0.0,-0.001382788265218704,False
21,"{""xgb_ranker"": 4.2, ""lgbm_ranker"": 1.05, ""rf_clf"": 1.95, ""lgb_reg"": 1.0, ""xgb_clf"": 0.35}",24,12.625,303,0.125,9.0,0.22523720332885402,-0.5,0.0,-0.001393139874778626,False
201,"{""xgb_ranker"": 7.8, ""lgbm_ranker"": 1.5, ""rf_clf"": 1.5, ""lgb_reg"": 1.0, ""xgb_clf"": 0.35}",24,12.541666666666666,301,0.16666666666666666,9.0,0.23222982931128958,-0.5833333333333339,0.0,0.005599486107656926,False
190,"{""xgb_ranker"": 7.8, ""lgbm_ranker"": 1.5, ""rf_clf"": 1.05, ""lgb_reg"": 0.7, ""xgb_clf"": 0.5}",24,12.541666666666666,301,0.16666666666666666,9.125,0.23211739046695753,-0.5833333333333339,0.125,0.005487047263324885,False
82,"{""xgb_ranker"": 6.0, ""lgbm_ranker"": 1.05, ""rf_clf"": 1.05, ""lgb_reg"": 0.7, ""xgb_clf"": 0.5}",24,12.541666666666666,301,0.16666666666666666,9.041666666666666,0.2319852232785459,-0.5833333333333339,0.041666666666666075,0.005354880074913249,False
81,"{""xgb_ranker"": 6.0, ""lgbm_ranker"": 1.05, ""rf_clf"": 1.05, ""lgb_reg"": 0.7, ""xgb_clf"": 0.35}",24,12.541666666666666,301,0.16666666666666666,9.041666666666666,0.23197158125539064,-0.5833333333333339,0.041666666666666075,0.005341238051757985,False
194,"{""xgb_ranker"": 7.8, ""lgbm_ranker"": 1.5, ""rf_clf"": 1.05, ""lgb_reg"": 1.0, ""xgb_clf"": 0.65}",24,12.541666666666666,301,0.16666666666666666,9.041666666666666,0.23195991950408698,-0.5833333333333339,0.041666666666666075,0.005329576300454331,False
193,"{""xgb_ranker"": 7.8, ""lgbm_ranker"": 1.5, ""rf_clf"": 1.05, ""lgb_reg"": 1.0, ""xgb_clf"": 0.5}",24,12.541666666666666,301,0.16666666666666666,9.041666666666666,0.23195726879620163,-0.5833333333333339,0.041666666666666075,0.005326925592568976,False
173,"{""xgb_ranker"": 7.8, ""lgbm_ranker"": 1.05, ""rf_clf"": 1.5, ""lgb_reg"": 0.7, ""xgb_clf"": 0.65}",24,12.541666666666666,301,0.16666666666666666,9.041666666666666,0.23195605381588805,-0.5833333333333339,0.041666666666666075,0.0053257106122553965,False
192,"{""xgb_ranker"": 7.8, ""lgbm_ranker"": 1.5, ""rf_clf"": 1.05, ""lgb_reg"": 1.0, ""xgb_clf"": 0.35}",24,12.541666666666666,301,0.16666666666666666,9.041666666666666,0.23195129641473208,-0.5833333333333339,0.041666666666666075,0.005320953211099433,False
210,"{""xgb_ranker"": 7.8, ""lgbm_ranker"": 1.5, ""rf_clf"": 1.95, ""lgb_reg"": 1.0, ""xgb_clf"": 0.35}",24,12.541666666666666,301,0.16666666666666666,8.875,0.22944010562930806,-0.5833333333333339,-0.125,0.002809762425675405,False
228,"{""xgb_ranker"": 7.8, ""lgbm_ranker"": 1.95, ""rf_clf"": 1.5, ""lgb_reg"": 1.0, ""xgb_clf"": 0.35}",24,12.541666666666666,301,0.16666666666666666,9.041666666666666,0.22940753633375185,-0.5833333333333339,0.041666666666666075,0.0027771931301192043,False
219,"{""xgb_ranker"": 7.8, ""lgbm_ranker"": 1.95, ""rf_clf"": 1.05, ""lgb_reg"": 1.0, ""xgb_clf"": 0.35}",24,12.541666666666666,301,0.16666666666666666,9.0,0.22939133896149336,-0.5833333333333339,0.0,0.002760995757860707,False
126,"{""xgb_ranker"": 6.0, ""lgbm_ranker"": 1.5, ""rf_clf"": 1.95, ""lgb_reg"": 0.7, ""xgb_clf"": 0.35}",24,12.541666666666666,301,0.16666666666666666,9.0,0.22934418482322494,-0.5833333333333339,0.0,0.0027138416195922888,False
92,"{""xgb_ranker"": 6.0, ""lgbm_ranker"": 1.05, ""rf_clf"": 1.5, ""lgb_reg"": 0.7, ""xgb_clf"": 0.65}",24,12.541666666666666,301,0.16666666666666666,8.916666666666666,0.22933052745465296,-0.5833333333333339,-0.08333333333333393,0.00270018425102031,False
91,"{""xgb_ranker"": 6.0, ""lgbm_ranker"": 1.05, ""rf_clf"": 1.5, ""lgb_reg"": 0.7, ""xgb_clf"": 0.5}",24,12.541666666666666,301,0.16666666666666666,8.875,0.22932739000745092,-0.5833333333333339,-0.125,0.0026970468038182704,False
90,"{""xgb_ranker"": 6.0, ""lgbm_ranker"": 1.05, ""rf_clf"": 1.5, ""lgb_reg"": 0.7, ""xgb_clf"": 0.35}",24,12.541666666666666,301,0.16666666666666666,8.875,0.22931374798429568,-0.5833333333333339,-0.125,0.0026834047806630346,False
117,"{""xgb_ranker"": 6.0, ""lgbm_ranker"": 1.5, ""rf_clf"": 1.5, ""lgb_reg"": 0.7, ""xgb_clf"": 0.35}",24,12.541666666666666,301,0.16666666666666666,9.0,0.2293107633959778,-0.5833333333333339,0.0,0.0026804201923451565,False
238,"{""xgb_ranker"": 7.8, ""lgbm_ranker"": 1.95, ""rf_clf"": 1.95, ""lgb_reg"": 1.0, ""xgb_clf"": 0.5}",24,12.541666666666666,301,0.16666666666666666,9.0,0.229307251014763,-0.5833333333333339,0.0,0.0026769078111303635,False
211,"{""xgb_ranker"": 7.8, ""lgbm_ranker"": 1.5, ""rf_clf"": 1.95, ""lgb_reg"": 1.0, ""xgb_clf"": 0.5}",24,12.541666666666666,301,0.16666666666666666,8.916666666666666,0.22930415677269514,-0.5833333333333339,-0.08333333333333393,0.0026738135690624887,False
99,"{""xgb_ranker"": 6.0, ""lgbm_ranker"": 1.05, ""rf_clf"": 1.95, ""lgb_reg"": 0.7, ""xgb_clf"": 0.35}",24,12.541666666666666,301,0.16666666666666666,8.791666666666666,0.2292977821832702,-0.5833333333333339,-0.20833333333333393,0.0026674389796375597,False
237,"{""xgb_ranker"": 7.8, ""lgbm_ranker"": 1.95, ""rf_clf"": 1.95, ""lgb_reg"": 1.0, ""xgb_clf"": 0.35}",24,12.541666666666666,301,0.16666666666666666,9.0,0.22929534453146314,-0.5833333333333339,0.0,0.002665001327830485,False
203,"{""xgb_ranker"": 7.8, ""lgbm_ranker"": 1.5, ""rf_clf"": 1.5, ""lgb_reg"": 1.0, ""xgb_clf"": 0.65}",24,12.541666666666666,301,0.16666666666666666,9.0,0.22929368424443197,-0.5833333333333339,0.0,0.002663341040799322,False
181,"{""xgb_ranker"": 7.8, ""lgbm_ranker"": 1.05, ""rf_clf"": 1.95, ""lgb_reg"": 0.7, ""xgb_clf"": 0.5}",24,12.541666666666666,301,0.16666666666666666,8.958333333333334,0.22928356900218047,-0.5833333333333339,-0.041666666666666075,0.0026532257985478203,False
182,"{""xgb_ranker"": 7.8, ""lgbm_ranker"": 1.05, ""rf_clf"": 1.95, ""lgb_reg"": 0.7, ""xgb_clf"": 0.65}",24,12.541666666666666,301,0.16666666666666666,8.958333333333334,0.22926846533368714,-0.5833333333333339,-0.041666666666666075,0.0026381221300544877,False
202,"{""xgb_ranker"": 7.8, ""lgbm_ranker"": 1.5, ""rf_clf"": 1.5, ""lgb_reg"": 1.0, ""xgb_clf"": 0.5}",24,12.541666666666666,301,0.16666666666666666,9.041666666666666,0.2292649069379411,-0.5833333333333339,0.041666666666666075,0.002634563734308454,False
101,"{""xgb_ranker"": 6.0, ""lgbm_ranker"": 1.05, ""rf_clf"": 1.95, ""lgb_reg"": 0.7, ""xgb_clf"": 0.65}",24,12.541666666666666,301,0.16666666666666666,8.708333333333334,0.22920737167105934,-0.5833333333333339,-0.2916666666666661,0.0025770284674266897,False
212,"{""xgb_ranker"": 7.8, ""lgbm_ranker"": 1.5, ""rf_clf"": 1.95, ""lgb_reg"": 1.0, ""xgb_clf"": 0.65}",24,12.541666666666666,301,0.16666666666666666,8.875,0.2292055567782485,-0.5833333333333339,-0.125,0.0025752135746158478,False
100,"{""xgb_ranker"": 6.0, ""lgbm_ranker"": 1.05, ""rf_clf"": 1.95, ""lgb_reg"": 0.7, ""xgb_clf"": 0.5}",24,12.541666666666666,301,0.16666666666666666,8.75,0.22919141803389564,-0.5833333333333339,-0.25,0.0025610748302629938,False
118,"{""xgb_ranker"": 6.0, ""lgbm_ranker"": 1.5, ""rf_clf"": 1.5, ""lgb_reg"": 0.7, ""xgb_clf"": 0.5}",24,12.541666666666666,301,0.16666666666666666,9.0,0.2291861581309079,-0.5833333333333339,0.0,0.002555814927275246,False
229,"{""xgb_ranker"": 7.8, ""lgbm_ranker"": 1.95, ""rf_clf"": 1.5, ""lgb_reg"": 1.0, ""xgb_clf"": 0.5}",24,12.541666666666666,301,0.16666666666666666,9.041666666666666,0.2291861581309079,-0.5833333333333339,0.041666666666666075,0.002555814927275246,False
230,"{""xgb_ranker"": 7.8, ""lgbm_ranker"": 1.95, ""rf_clf"": 1.5, ""lgb_reg"": 1.0, ""xgb_clf"": 0.65}",24,12.541666666666666,301,0.16666666666666666,9.041666666666666,0.2291861581309079,-0.5833333333333339,0.041666666666666075,0.002555814927275246,False
239,"{""xgb_ranker"": 7.8, ""lgbm_ranker"": 1.95, ""rf_clf"": 1.95, ""lgb_reg"": 1.0, ""xgb_clf"": 0.65}",24,12.541666666666666,301,0.16666666666666666,9.0,0.2291853523043984,-0.5833333333333339,0.0,0.002555009100765754,False
199,"{""xgb_ranker"": 7.8, ""lgbm_ranker"": 1.5, ""rf_clf"": 1.5, ""lgb_reg"": 0.7, ""xgb_clf"": 0.5}",24,12.541666666666666,301,0.16666666666666666,9.125,0.2291749800350804,-0.5833333333333339,0.125,0.0025446368314477608,False
200,"{""xgb_ranker"": 7.8, ""lgbm_ranker"": 1.5, ""rf_clf"": 1.5, ""lgb_reg"": 0.7, ""xgb_clf"": 0.65}",24,12.541666666666666,301,0.16666666666666666,9.125,0.2291749800350804,-0.5833333333333339,0.125,0.0025446368314477608,False
108,"{""xgb_ranker"": 6.0, ""lgbm_ranker"": 1.5, ""rf_clf"": 1.05, ""lgb_reg"": 0.7, ""xgb_clf"": 0.35}",24,12.541666666666666,301,0.16666666666666666,9.041666666666666,0.22917059769824644,-0.5833333333333339,0.041666666666666075,0.002540254494613786,False
109,"{""xgb_ranker"": 6.0, ""lgbm_ranker"": 1.5, ""rf_clf"": 1.05, ""lgb_reg"": 0.7, ""xgb_clf"": 0.5}",24,12.541666666666666,301,0.16666666666666666,9.041666666666666,0.22917059769824644,-0.5833333333333339,0.041666666666666075,0.002540254494613786,False
191,"{""xgb_ranker"": 7.8, ""lgbm_ranker"": 1.5, ""rf_clf"": 1.05, ""lgb_reg"": 0.7, ""xgb_clf"": 0.65}",24,12.541666666666666,301,0.16666666666666666,9.166666666666666,0.22916968955337935,-0.5833333333333339,0.16666666666666607,0.0025393463497467017,False
220,"{""xgb_ranker"": 7.8, ""lgbm_ranker"": 1.95, ""rf_clf"": 1.05, ""lgb_reg"": 1.0, ""xgb_clf"": 0.5}",24,12.541666666666666,301,0.16666666666666666,9.0,0.22916271384838435,-0.5833333333333339,0.0,0.0025323706447517025,False
221,"{""xgb_ranker"": 7.8, ""lgbm_ranker"": 1.95, ""rf_clf"": 1.05, ""lgb_reg"": 1.0, ""xgb_clf"": 0.65}",24,12.541666666666666,301,0.16666666666666666,9.041666666666666,0.22916271384838435,-0.5833333333333339,0.041666666666666075,0.0025323706447517025,False
207,"{""xgb_ranker"": 7.8, ""lgbm_ranker"": 1.5, ""rf_clf"": 1.95, ""lgb_reg"": 0.7, ""xgb_clf"": 0.35}",24,12.541666666666666,301,0.16666666666666666,9.0,0.22916142694927208,-0.5833333333333339,0.0,0.0025310837456394286,False
208,"{""xgb_ranker"": 7.8, ""lgbm_ranker"": 1.5, ""rf_clf"": 1.95, ""lgb_reg"": 0.7, ""xgb_clf"": 0.5}",24,12.541666666666666,301,0.16666666666666666,9.0,0.22916142694927208,-0.5833333333333339,0.0,0.0025310837456394286,False
198,"{""xgb_ranker"": 7.8, ""lgbm_ranker"": 1.5, ""rf_clf"": 1.5, ""lgb_reg"": 0.7, ""xgb_clf"": 0.35}",24,12.541666666666666,301,0.16666666666666666,9.125,0.22916128292665508,-0.5833333333333339,0.125,0.0025309397230224295,False
209,"{""xgb_ranker"": 7.8, ""lgbm_ranker"": 1.5, ""rf_clf"": 1.95, ""lgb_reg"": 0.7, ""xgb_clf"": 0.65}",24,12.541666666666666,301,0.16666666666666666,9.0,0.2291568098269544,-0.5833333333333339,0.0,0.0025264666233217603,False
83,"{""xgb_ranker"": 6.0, ""lgbm_ranker"": 1.05, ""rf_clf"": 1.05, ""lgb_reg"": 0.7, ""xgb_clf"": 0.65}",24,12.541666666666666,301,0.16666666666666666,9.041666666666666,0.22914967241497539,-0.5833333333333339,0.041666666666666075,0.0025193292113427357,False
110,"{""xgb_ranker"": 6.0, ""lgbm_ranker"": 1.5, ""rf_clf"": 1.05, ""lgb_reg"": 0.7, ""xgb_clf"": 0.65}",24,12.541666666666666,301,0.16666666666666666,9.041666666666666,0.22906146151300436,-0.5833333333333339,0.041666666666666075,0.002431118309371705,False
107,"{""xgb_ranker"": 6.0, ""lgbm_ranker"": 1.05, ""rf_clf"": 1.95, ""lgb_reg"": 1.3, ""xgb_clf"": 0.65}",24,12.458333333333334,299,0.125,8.791666666666666,0.22714210863842124,-0.6666666666666661,-0.20833333333333393,0.0005117654347885914,False
225,"{""xgb_ranker"": 7.8, ""lgbm_ranker"": 1.95, ""rf_clf"": 1.5, ""lgb_reg"": 0.7, ""xgb_clf"": 0.35}",24,12.333333333333334,296,0.16666666666666666,9.0,0.22911553987870584,-0.7916666666666661,0.0,0.002485196675073187,False
226,"{""xgb_ranker"": 7.8, ""lgbm_ranker"": 1.95, ""rf_clf"": 1.5, ""lgb_reg"": 0.7, ""xgb_clf"": 0.5}",24,12.333333333333334,296,0.16666666666666666,9.041666666666666,0.2290091757293313,-0.7916666666666661,0.041666666666666075,0.0023788325256986487,False
106,"{""xgb_ranker"": 6.0, ""lgbm_ranker"": 1.05, ""rf_clf"": 1.95, ""lgb_reg"": 1.3, ""xgb_clf"": 0.5}",24,12.208333333333334,293,0.125,8.833333333333334,0.22712721317134577,-0.9166666666666661,-0.16666666666666607,0.000496869967713115,False
217,"{""xgb_ranker"": 7.8, ""lgbm_ranker"": 1.95, ""rf_clf"": 1.05, ""lgb_reg"": 0.7, ""xgb_clf"": 0.5}",24,11.916666666666666,286,0.16666666666666666,9.083333333333334,0.22898332839180455,-1.208333333333334,0.08333333333333393,0.0023529851881718966,False
218,"{""xgb_ranker"": 7.8, ""lgbm_ranker"": 1.95, ""rf_clf"": 1.05, ""lgb_reg"": 0.7, ""xgb_clf"": 0.65}",24,11.916666666666666,286,0.16666666666666666,9.125,0.22898320706382239,-1.208333333333334,0.125,0.0023528638601897356,False
164,"{""xgb_ranker"": 7.8, ""lgbm_ranker"": 1.05, ""rf_clf"": 1.05, ""lgb_reg"": 0.7, ""xgb_clf"": 0.65}",24,11.791666666666666,283,0.16666666666666666,9.125,0.23186531156164766,-1.333333333333334,0.125,0.005234968358015013,False
172,"{""xgb_ranker"": 7.8, ""lgbm_ranker"": 1.05, ""rf_clf"": 1.5, ""lgb_reg"": 0.7, ""xgb_clf"": 0.5}",24,11.791666666666666,283,0.16666666666666666,9.083333333333334,0.2318567789370002,-1.333333333333334,0.08333333333333393,0.005226435733367563,False
163,"{""xgb_ranker"": 7.8, ""lgbm_ranker"": 1.05, ""rf_clf"": 1.05, ""lgb_reg"": 0.7, ""xgb_clf"": 0.5}",24,11.791666666666666,283,0.16666666666666666,9.125,0.2318497124361815,-1.333333333333334,0.125,0.005219369232548843,False
162,"{""xgb_ranker"": 7.8, ""lgbm_ranker"": 1.05, ""rf_clf"": 1.05, ""lgb_reg"": 0.7, ""xgb_clf"": 0.35}",24,11.791666666666666,283,0.16666666666666666,9.083333333333334,0.23184971178938774,-1.333333333333334,0.08333333333333393,0.005219368585755085,False
171,"{""xgb_ranker"": 7.8, ""lgbm_ranker"": 1.05, ""rf_clf"": 1.5, ""lgb_reg"": 0.7, ""xgb_clf"": 0.35}",24,11.791666666666666,283,0.16666666666666666,9.083333333333334,0.23184313691384495,-1.333333333333334,0.08333333333333393,0.005212793710212299,False
180,"{""xgb_ranker"": 7.8, ""lgbm_ranker"": 1.05, ""rf_clf"": 1.95, ""lgb_reg"": 0.7, ""xgb_clf"": 0.35}",24,11.791666666666666,283,0.16666666666666666,9.0,0.22914633529811115,-1.333333333333334,0.0,0.002515992094478503,False
189,"{""xgb_ranker"": 7.8, ""lgbm_ranker"": 1.5, ""rf_clf"": 1.05, ""lgb_reg"": 0.7, ""xgb_clf"": 0.35}",24,11.375,273,0.16666666666666666,9.125,0.23185439694068508,-1.75,0.125,0.005224053737052425,False
