train_start,train_end,year,round,driver_id,constructor_id,grid_position,ridge_score,ridge_pick,rf_reg_score,rf_reg_pick,rf_clf_score,rf_clf_pick,xgb_reg_score,xgb_reg_pick,xgb_clf_score,xgb_clf_pick,xgb_ranker_score,xgb_ranker_pick,lgb_reg_score,lgb_reg_pick,lgbm_ranker_score,lgbm_ranker_pick,ensemble_score,ensemble_pick,vote_count,actual_pos
2017,2020,2021,1,stroll,aston_martin,10.0,12.05517197609125,0,10.9474533340367,0,11.568293712815569,1,9.241512,0,9.518180148356162,1,-2.909392,0,10.463989245437805,0,-2.7345212273904886,1,0.7188244147656478,0,3,10
2017,2020,2021,1,perez,red_bull,11.0,9.88843475938122,1,10.91848946195295,0,9.973451005100832,0,8.976317,0,9.206001045939473,0,-1.5107906,1,9.811593044665068,0,-3.4631047643013706,0,0.9492201683448664,1,3,5
2017,2020,2021,1,gasly,alphatauri,5.0,9.818509528235484,0,10.09245173404596,1,9.334859052957908,0,10.212484,1,9.010672407848347,0,-3.7736955,0,11.206376049863378,0,-7.821866081891506,0,0.3619599825531865,0,2,17
2017,2020,2021,1,norris,mclaren,7.0,9.511857476597699,0,9.104299130377274,0,9.055681565606902,0,9.494344,0,8.926385567816613,0,-3.2201853,0,9.819719532021903,1,-4.978760740273963,0,0.5764845536447729,0,1,4
2017,2020,2021,1,bottas,mercedes,3.0,5.3197688912664765,0,4.0150404623675255,0,3.955921244453468,0,3.7892818,0,7.644134310874496,0,-3.7786472,0,5.876437579345542,0,-7.6671912157260484,0,0.21277302390058875,0,0,3
2017,2020,2021,1,max_verstappen,red_bull,1.0,5.409916636319961,0,7.063452135624866,0,3.048460879156794,0,9.328133,0,7.617197224488214,0,-3.8614087,0,10.536746076735405,0,-8.740572584213307,0,0.21679274837954954,0,0,2
2017,2020,2021,1,hamilton,mercedes,2.0,4.144735523000362,0,3.8772293156874924,0,3.544898034292734,0,4.5534506,0,7.161862647630486,0,-3.3890076,0,3.4551807246804023,0,-6.770164146742244,0,0.28104985237549057,0,0,1
2017,2020,2021,1,ricciardo,mclaren,6.0,8.912092601314558,0,8.898501597495498,0,7.610023158723572,0,6.760665,0,8.691127545418746,0,-2.671832,0,6.987120888919093,0,-5.587812675665412,0,0.5561136741584987,0,0,7
2017,2020,2021,1,sainz,ferrari,8.0,9.327667928691493,0,9.313532268883593,0,9.25528058039396,0,9.291409,0,8.681703239623266,0,-2.597979,0,8.630227258089104,0,-5.521992382046964,0,0.6215520153372004,0,0,8
2017,2020,2021,1,tsunoda,alphatauri,13.0,12.854423047202635,0,13.474880358383341,0,10.428684630208144,0,14.756234,0,9.180635872556012,0,-1.7808851,0,14.853749573764244,0,-5.679891812379973,0,0.766091354407594,0,0,9
2017,2020,2021,1,raikkonen,alfa,14.0,13.322956916307946,0,13.85317190990308,0,11.013969024940831,0,13.056442,0,9.461782405751286,0,-2.2752488,0,11.821300455171666,0,-4.842178219374195,0,0.7336016249901933,0,0,11
2017,2020,2021,1,leclerc,ferrari,4.0,8.547308916621509,0,8.02000161790152,0,7.852104770697714,0,7.325386,0,8.333331648972806,0,-3.8999863,0,6.168177643453,0,-8.86985775698227,0,0.24306905331480844,0,0,6
2017,2020,2021,1,giovinazzi,alfa,12.0,13.382992221441246,0,13.448848406672626,0,11.048220975362932,0,14.467163,0,9.312431540255151,0,-1.6553061,0,13.832374518825906,0,-4.814642684789638,0,0.827356103337781,0,0,12
2017,2020,2021,1,ocon,alpine,16.0,13.096764195108934,0,14.591359860441425,0,10.032261493882938,0,14.43638,0,9.22545709977277,0,-3.1054497,0,15.86949226270795,0,-4.701415336959702,0,0.5340327657511438,0,0,13
2017,2020,2021,1,vettel,aston_martin,18.0,13.534322556690602,0,14.552110137167745,0,9.944454906122477,0,14.471882,0,9.179321300858703,0,-3.1602623,0,14.562913451509614,0,-5.141700743876731,0,0.515719049033529,0,0,15
2017,2020,2021,1,russell,williams,15.0,13.75958369742736,0,15.095397599804347,0,9.829916700681515,0,15.231808,0,8.926070189817425,0,-2.2846816,0,16.262346924524355,0,-3.9184155777992755,0,0.6940712888602965,0,0,14
2017,2020,2021,1,mick_schumacher,haas,19.0,15.842244819351114,0,15.331059975711877,0,8.195499351814668,0,15.100444,0,9.044208452207084,0,-4.470571,0,15.154704675261996,0,-5.651892706829621,0,0.2263805379702451,0,0,16
2017,2020,2021,1,latifi,williams,17.0,14.982797733623388,0,15.270292840513337,0,8.319340341359126,0,15.51449,0,8.814695107818263,0,-2.421698,0,14.801093781419024,0,-5.080821380691424,0,0.6185813115412998,0,0,18
2017,2020,2021,1,alonso,alpine,9.0,11.713396434695715,0,12.61209354128615,0,10.778579620831238,0,11.558684,0,8.965140422822332,0,-2.3735814,0,12.231613305557696,0,-3.8465594596864108,0,0.7186150738050765,0,0,19
2017,2020,2021,1,mazepin,haas,20.0,15.917646782865756,0,15.790270589845013,0,7.347469481867281,0,16.292137,0,8.876388958215335,0,-4.59052,0,16.954574301773103,0,-5.647535412275528,0,0.1817626677085969,0,0,20
2017,2020,2021,2,tsunoda,alphatauri,20.0,12.568456458752133,0,13.634575463317912,0,10.139114961365953,0,14.665018,0,9.80932141980913,1,-0.9679512,1,14.927763555590344,0,-2.617455313802171,0,0.871947036120203,1,3,12
2017,2020,2021,2,stroll,aston_martin,10.0,11.154379877325468,0,9.98415455861305,1,11.585890808232715,1,8.890744,0,9.560431405766113,0,-2.4531713,0,8.543736780033848,0,-1.5692279046726565,0,0.745778031506264,0,2,8
2017,2020,2021,2,gasly,alphatauri,5.0,9.467478881556515,1,8.853133219366041,0,9.739117515433916,0,9.622678,1,9.073062024075272,0,-2.9684935,0,7.10687648921894,0,-4.593754154846342,0,0.54153473736069,0,2,7
2017,2020,2021,2,norris,mclaren,7.0,8.860973248840043,0,9.953609510729793,0,8.296675574964352,0,10.381632,0,8.774790525122766,0,-4.607671,0,10.96777971630951,1,-9.045307265882075,0,0.24923364466091216,0,1,3
2017,2020,2021,2,giovinazzi,alfa,17.0,12.613364150914965,0,13.07719236661135,0,11.113765342952048,0,13.197774,0,9.408013710606019,0,-1.6171033,0,12.588390724865441,0,-1.3204230854694174,1,0.8346715413489463,0,1,14
2017,2020,2021,2,leclerc,ferrari,4.0,7.919473069227105,0,7.672757182912926,0,6.512309697583666,0,7.921141,0,8.639590697101955,0,-4.798239,0,7.290834683465986,0,-8.15024463806675,0,0.1506100073024388,0,0,4
2017,2020,2021,2,max_verstappen,red_bull,3.0,5.6342429334780535,0,5.869359098706711,0,3.8583721195728726,0,6.4550176,0,8.17300189138021,0,-4.7066016,0,8.766482173389713,0,-8.531709681313513,0,0.15326048020250949,0,0,1
2017,2020,2021,2,hamilton,mercedes,1.0,4.437683994687589,0,3.701361896483231,0,2.175419800058615,0,3.5461588,0,6.520380819933105,0,-4.29749,0,2.257895492706968,0,-6.974575722852968,0,0.11299944648326249,0,0,2
2017,2020,2021,2,sainz,ferrari,11.0,9.361489913743355,0,9.262905571289851,0,10.094384781891087,0,7.2744613,0,9.06400332989072,0,-2.2405663,0,8.722354778308123,0,-4.646658812079319,0,0.698476527136434,0,0,5
2017,2020,2021,2,ocon,alpine,9.0,11.930382742762653,0,10.776472900681833,0,10.925233372194223,0,9.452473,0,9.329570207483522,0,-2.4042053,0,8.476087283030525,0,-4.276848089743035,0,0.6869999559578265,0,0,9
2017,2020,2021,2,alonso,alpine,15.0,12.780569407128537,0,13.333027805365514,0,10.460328765860242,0,12.030709,0,9.47283610942653,0,-1.746188,0,12.06556138912756,0,-3.600203057013421,0,0.7757669414029549,0,0,10
2017,2020,2021,2,ricciardo,mclaren,6.0,8.605746475430713,0,8.601684752673798,0,7.379377218476255,0,8.563934,0,8.532487723762223,0,-3.2829087,0,7.619409659898512,0,-6.237594871331412,0,0.4299974707126923,0,0,6
2017,2020,2021,2,perez,red_bull,2.0,6.636503424149884,0,6.336200651217093,0,4.132630672172929,0,6.771956,0,7.636348035634923,0,-4.535906,0,6.58952882340513,0,-5.824114352049629,0,0.17174577953909242,0,0,11
2017,2020,2021,2,raikkonen,alfa,16.0,11.741343476048906,0,12.50350096026024,0,11.015014941552462,0,12.141711,0,9.608439187783953,0,-1.6572536,0,12.456518667485874,0,-3.359622871814185,0,0.7949445616852705,0,0,13
2017,2020,2021,2,vettel,aston_martin,13.0,11.099533743124551,0,11.937145350229132,0,11.23731654153968,0,11.494738,0,9.75220241313843,0,-2.1754034,0,12.208827600285314,0,-1.3483171630840838,0,0.7656957574693524,0,0,15
2017,2020,2021,2,mick_schumacher,haas,18.0,15.916726866209224,0,15.416912217399855,0,7.846187931359326,0,15.5112095,0,8.738345944345753,0,-3.034884,0,14.832689456196052,0,-7.402692026990653,0,0.42544467661062296,0,0,16
2017,2020,2021,2,mazepin,haas,19.0,16.89180670663221,0,14.801856957294564,0,7.73340942988796,0,14.681121,0,8.908817707876922,0,-2.444116,0,14.38902400062005,0,-3.8634927178668206,0,0.5832000127280779,0,0,17
2017,2020,2021,2,bottas,mercedes,8.0,7.8709060358183445,0,7.7983895093280795,0,5.663365074417716,0,8.552846,0,8.526106694495631,0,-3.2844956,0,7.1926004838831075,0,-6.360868318314879,0,0.3933188844709439,0,0,18
2017,2020,2021,2,russell,williams,12.0,13.439087039676592,0,11.912082390596538,0,10.465757779853332,0,11.48341,0,9.414597587997113,0,-2.7808995,0,13.533892030499324,0,-3.358022144106465,0,0.5995701427106603,0,0,19
2017,2020,2021,2,latifi,williams,14.0,13.950625628231958,0,13.45206710785778,0,10.040517115950566,0,14.287949,0,9.142966231545728,0,-1.8681765,0,13.207984925691056,0,-3.4583708000127222,0,0.7276236856297108,0,0,20
2017,2020,2021,3,alonso,alpine,13.0,11.731254443683744,0,12.943857499550655,0,12.425531872331936,0,11.527987,0,9.970676178917437,1,-1.1457351,1,11.58578067491199,0,-0.3134113662076825,1,0.9164225275433002,1,4,8
2017,2020,2021,3,gasly,alphatauri,9.0,10.408310884550108,1,11.10668857147658,0,11.949005483829445,0,10.435633,1,9.698714170561283,0,-2.9949005,0,8.756764722249468,0,-2.8686101100141665,0,0.5810147948535642,0,2,10
2017,2020,2021,3,norris,mclaren,7.0,7.998633669451195,0,9.523789990112043,0,7.982002955453693,0,10.866898,0,8.955080834866543,0,-3.9660025,0,10.083653092332879,1,-7.608513298335579,0,0.3365826457255554,0,1,5
2017,2020,2021,3,ricciardo,mclaren,16.0,12.473051115400617,0,9.976274293512178,1,9.222192001082265,0,9.18242,0,8.99229434349219,0,-2.7814293,0,10.549646347715417,0,-4.150826678839735,0,0.5648829086636284,0,1,9
2017,2020,2021,3,tsunoda,alphatauri,14.0,13.161551596809202,0,13.400795183582618,0,14.046113091257878,1,14.06634,0,9.033128897171736,0,-2.0250957,0,15.390642510643724,0,-4.407143158383716,0,0.6829756972928578,0,1,15
2017,2020,2021,3,bottas,mercedes,1.0,3.0853294100958886,0,7.064362788511852,0,4.15538850376563,0,6.4345474,0,8.263762308863676,0,-4.4547243,0,5.117531837030468,0,-5.7754885547650705,0,0.14199908535263633,0,0,3
2017,2020,2021,3,max_verstappen,red_bull,3.0,3.8808723054937806,0,6.1419367895007815,0,3.7449341671835232,0,6.759445,0,8.046184394427598,0,-4.848722,0,7.738575378510739,0,-8.292976904087677,0,0.042853356598022446,0,0,2
2017,2020,2021,3,hamilton,mercedes,2.0,2.2684801896035776,0,4.136775598491925,0,2.9710632011236253,0,4.8845596,0,7.657018510342226,0,-4.3872547,0,1.7571830742342636,0,-7.868740324074074,0,0.08038170528823173,0,0,1
2017,2020,2021,3,perez,red_bull,4.0,5.705009455558702,0,7.100761337340236,0,6.791196466394807,0,5.5918083,0,8.582449477024877,0,-3.5432808,0,5.118095719463755,0,-5.385410405143887,0,0.3301115544797664,0,0,4
2017,2020,2021,3,ocon,alpine,6.0,8.381438125402784,0,9.042506798068542,0,10.714170002428972,0,8.035056,0,9.387305374451222,0,-3.141638,0,7.068169185808614,0,-5.75684193039174,0,0.46254502235030365,0,0,7
2017,2020,2021,3,sainz,ferrari,5.0,6.419540508853099,0,8.424312066558707,0,8.371572678932337,0,9.52968,0,9.048449551957807,0,-3.8345861,0,8.236239975280823,0,-4.607705384867126,0,0.35132126259285057,0,0,11
2017,2020,2021,3,leclerc,ferrari,8.0,8.397076314518525,0,10.72610906617441,0,8.871288174578437,0,10.495925,0,9.099719157514924,0,-3.69513,0,9.034361483313262,0,-4.905999843143498,0,0.39224051534859294,0,0,6
2017,2020,2021,3,giovinazzi,alfa,12.0,13.109990508733208,0,13.410644532899545,0,10.915858350115611,0,12.499083,0,9.344548568500631,0,-3.103865,0,13.408017283288943,0,-4.476380856527129,0,0.489540398421499,0,0,12
2017,2020,2021,3,vettel,aston_martin,10.0,10.791442387938252,0,12.464623186778702,0,11.364954018151431,0,13.1244545,0,9.684535285383049,0,-2.6150866,0,12.96111349683316,0,-2.519100279831894,0,0.6153821776230447,0,0,13
2017,2020,2021,3,stroll,aston_martin,17.0,13.948420899570374,0,13.842161230968992,0,10.788200196038504,0,13.684768,0,9.508287091681671,0,-2.148024,0,12.935078782417099,0,-2.044241079626312,0,0.6849877758447315,0,0,14
2017,2020,2021,3,russell,williams,11.0,14.314480158967495,0,13.5439781700153,0,10.1691557115559,0,12.607377,0,9.290542157877942,0,-3.513391,0,13.222717741116735,0,-6.562247792010025,0,0.3798565576010227,0,0,16
2017,2020,2021,3,mick_schumacher,haas,19.0,18.35704108769584,0,15.503858755533358,0,7.321774524475362,0,14.117839,0,8.690859143554873,0,-3.9968202,0,14.64971685148461,0,-8.386989837920186,0,0.21690426755515058,0,0,17
2017,2020,2021,3,latifi,williams,18.0,17.05723418524036,0,14.574951549867638,0,8.513416914123637,0,13.079629,0,9.09195178726943,0,-2.9795625,0,12.395301921325776,0,-4.678438086353878,0,0.4768698188699222,0,0,18
2017,2020,2021,3,mazepin,haas,20.0,19.194592501156357,0,15.36967209190719,0,7.372743883917083,0,14.678694,0,8.796754283073648,0,-3.5204608,0,14.921487143496426,0,-6.476667616440292,0,0.3261031693138293,0,0,19
2017,2020,2021,3,raikkonen,alfa,15.0,13.34471830804195,0,13.191256599158097,0,10.98511891958516,0,11.777093,0,9.414539724523403,0,-2.547508,0,11.730245741690336,0,-1.3454330142978201,0,0.6494276128257229,0,0,20
2017,2020,2021,4,giovinazzi,alfa,14.0,13.468800528859415,0,14.044387241787804,0,11.022387760902175,0,15.634712,0,10.705675602582188,1,-0.7683514,1,15.111205238451335,0,-2.7143360134846715,0,0.8942534953959923,1,3,15
2017,2020,2021,4,stroll,aston_martin,11.0,11.815280467603808,0,10.746861871394294,0,12.039211749649672,1,10.033624,1,9.496522661365207,0,-1.6165262,0,10.675561553130429,0,-3.3323845905729326,0,0.8316156921949241,0,2,11
2017,2020,2021,4,alonso,alpine,10.0,10.39562806548397,1,9.64610187331613,0,12.011866471359511,0,7.7192564,0,9.84886394321435,0,-1.6936754,0,7.936566843293683,0,-2.4413765103362115,1,0.80576638004207,0,2,17
2017,2020,2021,4,ricciardo,mclaren,7.0,8.66765419572894,0,8.367108432095312,0,9.434951360828919,0,8.311052,0,9.509685743469952,0,-2.7331357,0,9.735298817613211,1,-3.487240518677137,0,0.6723796309357196,0,1,6
2017,2020,2021,4,norris,mclaren,9.0,8.711619798062813,0,9.886682797691387,1,9.07190109601568,0,12.025616,0,9.112311211570566,0,-2.4473815,0,12.031040070576905,0,-6.0853018761004245,0,0.5841807285086424,0,1,8
2017,2020,2021,4,bottas,mercedes,3.0,5.315861789914791,0,4.751937825084024,0,4.03984833652873,0,4.0907555,0,7.779757336847405,0,-4.945659,0,4.269048453421256,0,-9.353046212757757,0,0.080805073839298,0,0,3
2017,2020,2021,4,max_verstappen,red_bull,2.0,4.382448718174348,0,3.143588751126011,0,2.985357007782154,0,1.8759701,0,7.083774890012699,0,-5.1090655,0,4.723212798401635,0,-8.287909856009945,0,0.061567029722832484,0,0,2
2017,2020,2021,4,hamilton,mercedes,1.0,2.950105266574133,0,1.6109523345705374,0,1.6464927005034744,0,0.2513253,0,5.7763439087481725,0,-4.4564424,0,0.7228269600805305,0,-8.668409856832328,0,0.10006459803316828,0,0,1
2017,2020,2021,4,leclerc,ferrari,4.0,6.981401507699538,0,6.886287560285788,0,5.97517618114119,0,6.4869857,0,8.075099783427763,0,-4.5580573,0,5.725653476947404,0,-8.334768357959655,0,0.18796856991778219,0,0,4
2017,2020,2021,4,ocon,alpine,5.0,8.608448038231325,0,8.27055099477736,0,9.751380352292134,0,9.170062,0,9.260554215479255,0,-2.9015982,0,8.665180239589443,0,-7.470107643026178,0,0.5200477932292723,0,0,9
2017,2020,2021,4,sainz,ferrari,6.0,7.937159659220429,0,6.976279741129653,0,8.93147248998303,0,5.7728443,0,9.094489525742597,0,-3.5754042,0,5.553141528376444,0,-5.6295637426734455,0,0.42290248367077105,0,0,7
2017,2020,2021,4,perez,red_bull,8.0,7.823966872575639,0,8.387265587595113,0,8.079914804369949,0,9.472225,0,8.711803942887494,0,-3.0357144,0,9.585983238341834,0,-6.716771974464665,0,0.5279937971482306,0,0,5
2017,2020,2021,4,raikkonen,alfa,17.0,13.525487938683073,0,14.39177212959499,0,10.57676606152519,0,13.196505,0,9.4393031887707,0,-2.663,0,13.108793716548558,0,-4.718817021049032,0,0.5959980879841184,0,0,12
2017,2020,2021,4,gasly,alphatauri,12.0,11.546772353730177,0,11.01053224389197,0,11.919830605436525,0,10.489172,0,9.781662733603056,0,-2.5504253,0,9.6940447892569,0,-5.311702390419911,0,0.6920761770051326,0,0,10
2017,2020,2021,4,russell,williams,15.0,14.8385306530323,0,14.724627030326538,0,9.745946831784268,0,14.688099,0,9.17030274016249,0,-3.1287727,0,14.004854008671185,0,-6.836164519324963,0,0.47091462694608116,0,0,14
2017,2020,2021,4,vettel,aston_martin,13.0,12.091098599090586,0,12.829077043643167,0,11.248694484850816,0,12.57698,0,9.958674286580116,0,-1.6524953,0,13.783637277374693,0,-4.905172193262839,0,0.7347108410525833,0,0,13
2017,2020,2021,4,latifi,williams,19.0,16.087259900187235,0,14.826334704274913,0,8.128995409053514,0,13.940268,0,8.874325270781174,0,-3.158617,0,12.349533442319112,0,-4.332236725619775,0,0.5072161025515433,0,0,16
2017,2020,2021,4,mick_schumacher,haas,18.0,16.491210448141086,0,15.736670475162036,0,7.517345220298645,0,15.691595,0,8.85577900015632,0,-4.2031307,0,15.149973204941379,0,-9.349880890252987,0,0.2387435597249642,0,0,18
2017,2020,2021,4,mazepin,haas,20.0,17.29418432277844,0,15.766423209830213,0,7.048383293879322,0,15.759073,0,8.770866476098453,0,-3.1731637,0,15.32632786691741,0,-7.217068825907385,0,0.4105263375527359,0,0,19
2017,2020,2021,4,tsunoda,alphatauri,16.0,13.392650672965939,0,13.640103845256121,0,11.161063936797923,0,15.068929,0,9.464533266553634,0,-1.6791263,0,15.173944889663545,0,-4.071496794617417,0,0.7359923768675826,0,0,20
2017,2020,2021,5,stroll,aston_martin,13.0,12.027914270095353,0,12.432735472117216,0,13.934110945693075,1,13.511823,0,11.167278445782433,1,0.13953449,1,11.718678292880552,0,-1.5357413163970877,0,0.9190109938307978,1,4,8
2017,2020,2021,5,ricciardo,mclaren,12.0,10.048934968095265,1,9.5712022005518,1,10.873312320094504,0,9.726493,0,10.13419142227006,0,-1.494931,0,9.955047347335706,1,-3.8330992153482746,0,0.7124802088375702,0,3,12
2017,2020,2021,5,perez,red_bull,9.0,8.328050999021091,0,8.662006382758277,0,8.378586704951466,0,9.761176,1,9.009914158753025,0,-3.0151777,0,10.680908750476984,0,-3.1831937873860277,0,0.4711155749189499,0,1,4
2017,2020,2021,5,tsunoda,alphatauri,16.0,13.312230088297115,0,13.304320207964388,0,11.13984976069504,0,13.70446,0,9.594943378345974,0,-0.5749408,0,12.89831080115656,0,-0.5909172459903802,1,0.7909624517839153,0,1,16
2017,2020,2021,5,norris,mclaren,5.0,7.371490642308396,0,8.420021815125732,0,7.0601320786104855,0,12.177256,0,8.519650778020495,0,-4.0316205,0,12.492994551439505,0,-7.655650380341425,0,0.22564145486949103,0,0,3
2017,2020,2021,5,sainz,ferrari,4.0,6.440426066590517,0,5.589656472597722,0,6.906793209409995,0,4.752588,0,8.57461729646737,0,-3.299332,0,4.911569446423679,0,-6.964146382315476,0,0.30353338301512656,0,0,2
2017,2020,2021,5,max_verstappen,red_bull,2.0,4.173187993114905,0,3.876531065169233,0,3.2808039373589652,0,8.556601,0,7.682046958090166,0,-4.3716908,0,5.897653140307671,0,-8.932136987193378,0,0.09730041799614368,0,0,1
2017,2020,2021,5,gasly,alphatauri,6.0,9.744176230871213,0,8.555960588860238,0,10.137086512088095,0,7.279761,0,9.273591455290905,0,-3.6332693,0,6.168300660342766,0,-7.8765394948301575,0,0.3058815411228655,0,0,6
2017,2020,2021,5,hamilton,mercedes,7.0,6.406944162690871,0,5.8630519679294855,0,5.190440911573694,0,5.1445456,0,8.375332712944633,0,-4.15644,0,3.6651996827291193,0,-7.891606557751027,0,0.16480671886433512,0,0,7
2017,2020,2021,5,ocon,alpine,11.0,11.255198911921859,0,11.125902895659605,0,11.863910654817802,0,11.0814905,0,9.278783610862995,0,-2.6790972,0,11.939631201883696,0,-5.845231464490745,0,0.4840588252151128,0,0,9
2017,2020,2021,5,giovinazzi,alfa,10.0,11.70500551294448,0,11.720780776292113,0,11.202044629333527,0,12.07503,0,9.418575284580005,0,-1.5794833,0,12.235708365590387,0,-3.3528359541950694,0,0.6374360423245788,0,0,10
2017,2020,2021,5,vettel,aston_martin,8.0,10.217326616728348,0,10.860537327548982,0,11.75068932129171,0,8.974195,0,9.331998842809437,0,-2.4407625,0,10.19723815985183,0,-5.521554190407332,0,0.5694260309701059,0,0,5
2017,2020,2021,5,raikkonen,alfa,14.0,12.387578039296946,0,13.535633464675696,0,11.534421846401521,0,13.201294,0,9.912988343403091,0,-1.5544064,0,14.437151038095532,0,-2.0419770109851503,0,0.6582261485457322,0,0,11
2017,2020,2021,5,alonso,alpine,17.0,13.03703134148242,0,13.53703066786918,0,10.994119235644247,0,12.888814,0,9.374476572779429,0,-2.3183415,0,13.894349158716455,0,-4.52998059806428,0,0.5208174516152945,0,0,13
2017,2020,2021,5,russell,williams,15.0,14.902374597932699,0,14.800346380414489,0,9.890322699881658,0,14.827822,0,9.142896451957084,0,-2.1168406,0,15.186608246168959,0,-6.896410269169586,0,0.48079467688007604,0,0,14
2017,2020,2021,5,latifi,williams,18.0,15.785914706685851,0,15.103020853532787,0,8.099999672791252,0,13.871617,0,8.709853606116045,0,-3.5829043,0,13.45831634851615,0,-4.951122537564157,0,0.33058741956910026,0,0,15
2017,2020,2021,5,mazepin,haas,19.0,17.029437546688186,0,15.749830176305988,0,7.283275212145741,0,15.2942,0,8.691338410105134,0,-3.8623412,0,14.789791469548854,0,-7.642430053173649,0,0.2367813439462348,0,0,17
2017,2020,2021,5,mick_schumacher,haas,20.0,16.652297971649688,0,15.816197482846794,0,7.347376696621011,0,16.181108,0,8.727843631875755,0,-3.928865,0,15.36956649061935,0,-7.628028344773758,0,0.22916084554926763,0,0,18
2017,2020,2021,5,bottas,mercedes,3.0,5.25460901605937,0,3.6991036659043686,0,3.9841985861544167,0,2.5376737,0,6.485197767473462,0,-5.027302,0,5.399927621285162,0,-8.092052529957812,0,0.03489918364438133,0,0,19
2017,2020,2021,5,leclerc,ferrari,1.0,4.063094941586554,0,3.5538715114596124,0,3.7770208742903275,0,2.3538134,0,6.336410973348505,0,-3.9172046,0,0.033112737013847635,0,-8.222146538683825,0,0.1415855473461994,0,0,20
2017,2020,2021,6,stroll,aston_martin,19.0,12.857092258953614,0,13.208456389509626,0,11.615866840478287,0,13.136258,0,9.794836319388304,1,-1.5476238,0,14.532727911277744,0,-0.30763459187405456,1,0.8676773235727927,1,3,19
2017,2020,2021,6,ocon,alpine,12.0,10.802195926114157,0,10.997715476559765,0,11.75473877423839,1,10.028847,1,9.350561233765418,0,-2.2814183,0,8.873784896606406,0,-5.1206583833603805,0,0.6958045196324047,0,2,20
2017,2020,2021,6,tsunoda,alphatauri,7.0,10.69931420269551,0,9.66183382977029,1,11.437874707281534,0,9.518895,0,9.10515440495606,0,-2.175703,0,7.493185201369849,0,-3.019944935067373,0,0.7118862039771644,0,1,7
2017,2020,2021,6,alonso,alpine,8.0,9.987321234765952,1,10.821293174036512,0,11.203733181623981,0,9.698373,0,9.449874273116388,0,-1.8440145,0,10.87864469301887,0,-3.115835331148628,0,0.8047721369302497,0,1,6
2017,2020,2021,6,max_verstappen,red_bull,3.0,6.017299835501446,0,7.028052286557808,0,3.965165072840992,0,9.0489,0,7.740057269831752,0,-3.8302205,0,9.857777738446412,1,-9.615585270574163,0,0.24154711560934025,0,1,18
2017,2020,2021,6,mick_schumacher,haas,17.0,15.21085940438752,0,14.277882503863287,0,8.211244870919355,0,14.383168,0,9.1051496029248,0,-1.333251,1,14.39038544719386,0,-3.7088283602708785,0,0.7822011784843639,0,1,13
2017,2020,2021,6,vettel,aston_martin,11.0,11.135479350844674,0,11.146515910049809,0,11.541190992982356,0,10.751294,0,9.371680086477836,0,-2.7488637,0,10.172607350221002,0,-3.3118051697165223,0,0.688343748345311,0,0,2
2017,2020,2021,6,perez,red_bull,6.0,7.784070472768237,0,7.706498377214685,0,5.753844393197746,0,9.488977,0,8.677289469875518,0,-3.416597,0,6.784747742035313,0,-7.75293958263004,0,0.3080383474771029,0,0,1
2017,2020,2021,6,leclerc,ferrari,1.0,5.516960151329086,0,6.099762735725701,0,4.576487657909288,0,7.2675624,0,7.42686038808068,0,-4.563788,0,4.614298345251229,0,-8.710712325570565,0,0.03454924189641199,0,0,4
2017,2020,2021,6,gasly,alphatauri,4.0,9.05837727643601,0,9.099014742223856,0,10.136987964965389,0,8.293806,0,8.950867371009856,0,-2.085343,0,8.182554755893145,0,-6.485429141780127,0,0.6586773835699199,0,0,3
2017,2020,2021,6,norris,mclaren,9.0,9.366803116338513,0,9.42870967229786,0,7.830977049302467,0,13.236412,0,8.447947898963836,0,-3.3570547,0,13.532638299660832,0,-7.613877442106445,0,0.3492511442798108,0,0,5
2017,2020,2021,6,sainz,ferrari,5.0,7.803038731802969,0,6.477881123912422,0,6.992042946885358,0,5.9380345,0,8.57115027359765,0,-2.9756896,0,6.529690435082667,0,-7.966450923778047,0,0.3999009187744876,0,0,8
2017,2020,2021,6,bottas,mercedes,10.0,8.748209774992032,0,8.469222108952602,0,6.5912893448279295,0,7.551823,0,8.68938902712219,0,-3.4119802,0,6.6465106219772085,0,-7.2742139519554305,0,0.32970361394899456,0,0,12
2017,2020,2021,6,giovinazzi,alfa,20.0,13.010396088627186,0,14.215666630887965,0,10.38092356713091,0,14.3972025,0,9.724534124450264,0,-2.0524895,0,14.832758900112655,0,-3.5555347680967238,0,0.7048586415332159,0,0,11
2017,2020,2021,6,raikkonen,alfa,14.0,12.352217192187538,0,12.057127264708038,0,10.587488277308928,0,11.021538,0,9.393808155019649,0,-2.6074684,0,11.05958451237022,0,-4.364485235898014,0,0.6327525600253676,0,0,10
2017,2020,2021,6,ricciardo,mclaren,13.0,10.396262655141543,0,9.53027587083922,0,10.317148425786511,0,8.629583,0,9.137761722081622,0,-1.9514534,0,7.94457417300307,0,-5.164855980115052,0,0.7057910472635728,0,0,9
2017,2020,2021,6,latifi,williams,16.0,14.489180574651431,0,13.615711297297336,0,9.198680214496836,0,12.724697,0,9.320924944948455,0,-1.5159346,0,12.50103414861936,0,-0.5532773695066023,0,0.8327299133854054,0,0,16
2017,2020,2021,6,hamilton,mercedes,2.0,6.4483940099803,0,6.339530284974359,0,3.36275860931118,0,7.9467125,0,8.088127161123655,0,-4.047062,0,5.039005288160015,0,-9.439596406910425,0,0.10887728090919639,0,0,15
2017,2020,2021,6,mazepin,haas,18.0,15.516683327434087,0,15.075512153713428,0,8.473821527383345,0,15.660389,0,9.13711337329353,0,-1.4109129,0,14.481590851481464,0,-1.4625414040534208,0,0.8076434894576691,0,0,14
2017,2020,2021,6,russell,williams,15.0,14.118821340706058,0,13.389322891682419,0,9.611545540372529,0,14.088037,0,9.408459030655056,0,-2.0875883,0,13.539524149908866,0,-3.69136380732882,0,0.6835828347184053,0,0,17
2017,2020,2021,7,tsunoda,alphatauri,20.0,14.479393430229727,0,13.602926229605895,0,11.061987146189773,0,13.191368,0,9.341205517913798,0,-1.1996802,1,14.022160886079497,0,-1.6854542243463815,1,0.9016898214418552,1,3,13
2017,2020,2021,7,leclerc,ferrari,7.0,7.393841052705701,0,9.409825093975028,0,7.1102384392108915,0,10.338091,1,8.549363152751054,0,-4.0397625,0,8.684441464211268,1,-6.184439094231994,0,0.36454824185500534,0,2,16
2017,2020,2021,7,alonso,alpine,9.0,9.812556664471217,1,10.082601832120211,1,12.324342218492937,0,8.491219,0,9.469214515889687,0,-1.9351742,0,8.431807200169885,0,-2.315048514458887,0,0.8493801178600803,0,2,8
2017,2020,2021,7,ocon,alpine,11.0,10.808358756986799,0,12.324805741336197,0,12.643244593033156,1,12.457225,0,9.985187768876408,1,-2.000341,0,13.523865995001591,0,-3.601969866619896,0,0.775065338256139,0,2,14
2017,2020,2021,7,bottas,mercedes,3.0,5.016305431656863,0,6.4940216123636505,0,4.982612365915124,0,7.6143575,0,8.401730241991233,0,-4.858475,0,4.5371441423860635,0,-6.32488320958138,0,0.12380373047933221,0,0,4
2017,2020,2021,7,perez,red_bull,4.0,4.777676180159099,0,6.774274053810781,0,5.176107571580665,0,6.6655965,0,8.20815971632902,0,-4.19606,0,7.073857182265499,0,-7.8684622380553995,0,0.2201594560454562,0,0,3
2017,2020,2021,7,hamilton,mercedes,2.0,3.8347284215165383,0,4.954325494771432,0,3.2161203890927617,0,3.429446,0,7.303788255221149,0,-4.5985966,0,0.7131408379212847,0,-6.6886931427176375,0,0.09823141491777718,0,0,2
2017,2020,2021,7,max_verstappen,red_bull,1.0,2.955751458302333,0,4.504019233965154,0,2.8698651693211814,0,5.189035,0,6.5628072848970245,0,-4.923327,0,6.690375585921822,0,-8.193231864417548,0,0.03837056255814761,0,0,1
2017,2020,2021,7,vettel,aston_martin,12.0,11.113858268348404,0,11.900413514378927,0,11.069966662152943,0,13.55133,0,9.902134722929517,0,-2.5152106,0,12.582651971594847,0,-2.4967179698299296,0,0.7126908211770255,0,0,9
2017,2020,2021,7,norris,mclaren,8.0,8.35596742748022,0,9.090992618049253,0,10.059735739176565,0,11.652276,0,9.004560789844843,0,-3.470936,0,11.930098732415503,0,-6.6938216220161735,0,0.46432748653317674,0,0,5
2017,2020,2021,7,ricciardo,mclaren,10.0,9.574863529344322,0,9.799017553356583,0,11.939633683135204,0,10.353338,0,9.505603351643911,0,-1.9781814,0,8.44589515925226,0,-5.0826279111367905,0,0.777521312659403,0,0,6
2017,2020,2021,7,gasly,alphatauri,6.0,8.575852144997254,0,8.61996905809566,0,9.687288824275587,0,8.1575985,0,8.988790131646393,0,-2.8071735,0,6.001394026565045,0,-5.713237070749097,0,0.5418575763736776,0,0,7
2017,2020,2021,7,russell,williams,14.0,14.59417591184011,0,14.649602947413406,0,8.967915584931774,0,14.586885,0,9.173421666373727,0,-3.4878445,0,15.45321402591163,0,-7.431023877962831,0,0.3789143170921295,0,0,12
2017,2020,2021,7,sainz,ferrari,5.0,6.806716347702553,0,7.141258090631026,0,6.696895380991284,0,7.546678,0,8.418597549218298,0,-3.366983,0,6.383894336285881,0,-6.077184656013979,0,0.40103379364417274,0,0,11
2017,2020,2021,7,stroll,aston_martin,19.0,14.457008053266902,0,13.819000446700258,0,11.32003346325419,0,14.563436,0,9.49628657722223,0,-2.9233634,0,13.648230339407437,0,-3.3711563622354506,0,0.6106585842238668,0,0,10
2017,2020,2021,7,giovinazzi,alfa,13.0,12.71428071986592,0,13.541985835020972,0,10.516863885571102,0,13.463549,0,9.104402205283847,0,-2.0922172,0,13.075158479104543,0,-4.256334203191985,0,0.7101918667417736,0,0,15
2017,2020,2021,7,raikkonen,alfa,17.0,13.61827039990743,0,13.75080276650251,0,10.419288412390111,0,12.408474,0,9.501808942991069,0,-3.2256916,0,12.70952805438682,0,-3.699633191004945,0,0.5594567510809838,0,0,17
2017,2020,2021,7,latifi,williams,16.0,15.50978524238339,0,15.016346349001555,0,8.175268979864136,0,15.29229,0,9.142115552989807,0,-3.6194985,0,14.201727078532624,0,-4.590686517629389,0,0.4196496605230214,0,0,18
2017,2020,2021,7,mick_schumacher,haas,15.0,15.660411190535294,0,15.509574687711188,0,7.873605395169461,0,14.150865,0,8.643274579976506,0,-3.5435176,0,14.65921015273907,0,-6.399184699906219,0,0.37583690478860443,0,0,19
2017,2020,2021,7,mazepin,haas,18.0,16.958853552693288,0,15.576427142183288,0,7.650038572280517,0,14.416031,0,8.907083171116001,0,-3.6233292,0,14.997909764009233,0,-5.318712462342162,0,0.3848703564893709,0,0,20
2017,2020,2021,8,ricciardo,mclaren,13.0,10.33422119751767,1,10.300826946552508,0,11.006971778246925,0,12.02553,0,9.440956660022275,0,-1.4729934,0,9.875796212303188,1,-4.602274384361516,0,0.7989166400148856,0,2,13
2017,2020,2021,8,vettel,aston_martin,14.0,10.909030771881042,0,11.698140618484588,0,10.936148264760714,0,9.758348,0,9.669154082718222,1,-0.3978107,1,11.847748076405495,0,-2.9810769953508816,0,0.8924460803775431,0,2,12
2017,2020,2021,8,tsunoda,alphatauri,8.0,10.840969069310061,0,10.614933972754713,0,11.550377959095904,0,10.228945,0,9.49530664365279,0,-0.92720413,0,9.509669676869338,0,-1.478323411230987,1,0.8973641168934336,1,2,10
2017,2020,2021,8,stroll,aston_martin,10.0,11.986377566241583,0,10.486448849064054,0,12.124191072890321,1,9.85058,1,9.647655066644816,0,-2.243647,0,9.428224612247108,0,-3.904258165872307,0,0.7043570466184597,0,2,8
2017,2020,2021,8,leclerc,ferrari,7.0,9.457003589888723,0,9.947217914741858,1,8.400706699279878,0,8.430675,0,8.624706588693837,0,-4.5022483,0,7.94258696151927,0,-9.277251217811513,0,0.23454825430847523,0,1,7
2017,2020,2021,8,bottas,mercedes,2.0,5.792931024356342,0,6.247949815312112,0,4.024215345290729,0,5.0353336,0,7.078802914473316,0,-4.846284,0,5.790092114799396,0,-6.4385108978728445,0,0.13315194400757963,0,0,3
2017,2020,2021,8,hamilton,mercedes,3.0,5.567634256482763,0,4.633900702322043,0,3.438304653963016,0,3.889751,0,6.670907502062705,0,-4.6315427,0,2.0228567036065512,0,-8.528802722163892,0,0.10192470835682202,0,0,2
2017,2020,2021,8,max_verstappen,red_bull,1.0,4.019430784978616,0,3.306837241139612,0,2.6308754938166174,0,4.052762,0,6.294437384483139,0,-5.0660706,0,5.810648344917325,0,-10.504783966777229,0,0.009951681607605931,0,0,1
2017,2020,2021,8,perez,red_bull,5.0,6.719284154709647,0,8.100133483890643,0,5.357706611859973,0,10.831147,0,8.590370042566258,0,-3.912139,0,8.166609162255103,0,-7.916305444564027,0,0.2852098766052366,0,0,4
2017,2020,2021,8,norris,mclaren,4.0,7.714835808630118,0,7.285001642424497,0,5.6082954911975715,0,9.421843,0,8.355701305073689,0,-3.2914736,0,7.983294203811327,0,-7.019768879739918,0,0.37320745785726867,0,0,5
2017,2020,2021,8,alonso,alpine,9.0,10.793494652424439,0,9.46189231573662,0,11.42577323471857,0,8.123041,0,9.169392774664605,0,-1.6648759,0,8.691998267554174,0,-3.1077724609279387,0,0.7457102193057724,0,0,9
2017,2020,2021,8,sainz,ferrari,12.0,10.417138769606991,0,8.812974044898851,0,9.859004412967096,0,10.5682125,0,9.07075370132574,0,-2.602041,0,7.985714366788343,0,-5.608331244042364,0,0.5540248517532846,0,0,6
2017,2020,2021,8,raikkonen,alfa,18.0,13.595571562983022,0,13.531573935107726,0,10.189126981734496,0,13.394194,0,9.297628370162135,0,-1.5403738,0,12.257320243616205,0,-3.0303733362011727,0,0.7299200325717119,0,0,11
2017,2020,2021,8,ocon,alpine,17.0,12.984533331230097,0,12.89689335017021,0,11.356137112229257,0,11.485578,0,9.362064471140915,0,-1.5363171,0,13.619643898319385,0,-3.7247539168613457,0,0.7268167579491797,0,0,14
2017,2020,2021,8,giovinazzi,alfa,15.0,13.726916540778511,0,13.603393858034307,0,10.764974915067775,0,14.372185,0,9.141844884145522,0,-0.76548654,0,14.763456105086702,0,-3.4570544972298527,0,0.8081473189111457,0,0,15
2017,2020,2021,8,mick_schumacher,haas,19.0,16.36764784829156,0,15.14995194622033,0,7.842835421713592,0,14.369689,0,8.836972915082065,0,-3.367047,0,13.168198981804622,0,-4.715370348381828,0,0.4296356678517524,0,0,16
2017,2020,2021,8,latifi,williams,16.0,14.903705435405993,0,14.75303352645235,0,9.136233761578346,0,15.790638,0,8.796222344092865,0,-2.4458883,0,15.413519217147503,0,-3.0379941660965337,0,0.5775473307247564,0,0,17
2017,2020,2021,8,mazepin,haas,20.0,16.809729105181457,0,15.207033094171742,0,7.60586601263855,0,14.309764,0,8.794319887155629,0,-3.2169354,0,12.678630906748026,0,-2.853244132541263,0,0.47722138288256616,0,0,18
2017,2020,2021,8,russell,williams,11.0,13.890914805965446,0,12.936451353293299,0,10.42982579888918,0,12.837524,0,9.152726674633213,0,-1.9356301,0,14.022172523270221,0,-4.267895297710786,0,0.6503252614884614,0,0,19
2017,2020,2021,8,gasly,alphatauri,6.0,9.32681001940705,0,8.107038497917735,0,8.391007037680145,0,7.341594,0,8.747536676299147,0,-2.3475575,0,4.566318002821213,0,-6.386724124788183,0,0.5246239994904184,0,0,20
2017,2020,2021,9,alonso,alpine,14.0,12.091471501256535,0,12.366373382795755,0,11.425202080386638,0,11.22075,0,10.001822653107114,1,-0.96951574,0,11.789966376186214,0,-3.1919811576007495,0,0.8738282566835438,1,2,10
2017,2020,2021,9,ricciardo,mclaren,13.0,10.482598330920926,0,10.682713854807378,0,10.918673022910088,0,12.062913,0,9.527407194712676,0,-1.4049966,0,10.297630192319415,1,-4.979312757481426,0,0.8362458053459554,0,1,7
2017,2020,2021,9,sainz,ferrari,11.0,10.756878384151015,0,8.544636137667066,0,10.867490145236694,0,10.054003,1,9.525960860139918,0,-2.4248385,0,8.420715942587687,0,-2.3735196799611717,0,0.6797190939275609,0,1,5
2017,2020,2021,9,leclerc,ferrari,12.0,10.740997697552594,0,9.977144135670304,1,9.554125888770454,0,11.3424015,0,9.148760911333738,0,-2.9633155,0,10.365237376566082,0,-6.752571808249763,0,0.5627381311540567,0,1,8
2017,2020,2021,9,gasly,alphatauri,6.0,9.605759752433968,1,8.442033540513172,0,8.788365965734467,0,7.3704686,0,8.794720901729896,0,-2.9235184,0,7.467243723593345,0,-7.420408764038724,0,0.4677157330294368,0,1,9
2017,2020,2021,9,ocon,alpine,17.0,13.609553936472075,0,12.654758939722331,0,11.573793716952338,0,11.182097,0,9.489219058105364,0,-1.8851811,0,12.190442721786251,0,-2.0060214295325967,1,0.7571854340605709,0,1,20
2017,2020,2021,9,giovinazzi,alfa,15.0,13.677410972970595,0,13.761541482452383,0,10.546677943057901,0,14.384211,0,9.991832558218558,0,-0.7468069,1,14.242564736779268,0,-2.962619291154266,0,0.8675819963976631,0,1,14
2017,2020,2021,9,stroll,aston_martin,10.0,11.416835061401349,0,9.638841995423212,0,12.059542301687957,1,9.834581,0,9.676218123681286,0,-2.5213137,0,11.91812844706793,0,-3.9508392067191833,0,0.65276681471658,0,1,13
2017,2020,2021,9,hamilton,mercedes,4.0,6.256077530221384,0,4.888081659884888,0,4.18111147359327,0,6.37069,0,7.714581719856401,0,-4.3032603,0,5.636103860518272,0,-9.80454635022463,0,0.13961179192723142,0,0,4
2017,2020,2021,9,norris,mclaren,2.0,6.4422128222788135,0,4.939606916501388,0,3.666365439824797,0,7.02396,0,7.112369957948273,0,-3.2445016,0,7.159165079196697,0,-6.287674026477705,0,0.33797659792651097,0,0,3
2017,2020,2021,9,bottas,mercedes,5.0,7.398809131794424,0,6.605683352075921,0,5.530788261727456,0,7.15971,0,8.384917747991079,0,-4.4942374,0,6.735519560492363,0,-7.684109539281931,0,0.18758515007116797,0,0,2
2017,2020,2021,9,max_verstappen,red_bull,1.0,3.8040116127931904,0,3.14148659039306,0,2.5327625598767574,0,3.6933994,0,6.792776764462259,0,-4.9624257,0,8.012945122626418,0,-10.435591788977108,0,0.025057419598966256,0,0,1
2017,2020,2021,9,tsunoda,alphatauri,7.0,10.630403087543552,0,9.264078949889683,0,11.009034693282072,0,9.349346,0,9.1476635563985,0,-2.7848127,0,7.55918668476605,0,-4.328616385780633,0,0.5786692702522609,0,0,12
2017,2020,2021,9,russell,williams,9.0,13.38322530345076,0,12.087741530363752,0,10.955708780292923,0,11.383733,0,9.103292369463457,0,-2.0141833,0,12.114472872718782,0,-4.313590370992169,0,0.6868283434097128,0,0,11
2017,2020,2021,9,perez,red_bull,3.0,5.543123011722156,0,4.886050613538753,0,4.019881832041377,0,5.548943,0,7.665427138540053,0,-3.931752,0,5.418353378340778,0,-7.725121652903746,0,0.22089200422014885,0,0,6
2017,2020,2021,9,raikkonen,alfa,16.0,13.332650525192573,0,13.64741955926861,0,11.001186835254128,0,12.862687,0,9.70934372199802,0,-1.8978927,0,13.151321547127074,0,-4.053603210958645,0,0.7037600596966387,0,0,15
2017,2020,2021,9,latifi,williams,18.0,15.213265534624842,0,14.409017642197188,0,8.776419532542047,0,14.8588085,0,9.060843510785096,0,-2.0229497,0,13.350522802623285,0,-2.4478898223529617,0,0.6692606200169097,0,0,16
2017,2020,2021,9,vettel,aston_martin,8.0,9.491623872526729,0,9.757841304485943,0,10.733059518695226,0,6.084159,0,9.167990984417937,0,-1.7086084,0,8.041439440039733,0,-3.7770633224992887,0,0.737687600564418,0,0,17
2017,2020,2021,9,mick_schumacher,haas,19.0,16.39896057933148,0,15.218982709962477,0,7.942781182898364,0,15.259743,0,8.716140023774695,0,-3.7290819,0,14.243188854598069,0,-5.8704132786309335,0,0.35607486396251964,0,0,18
2017,2020,2021,9,mazepin,haas,20.0,16.72395307320248,0,15.311096294733812,0,7.751865902635159,0,14.214249,0,8.889693174872027,0,-3.3437645,0,13.247669957582232,0,-3.837235248671099,0,0.4496712476056174,0,0,19
2017,2020,2021,10,stroll,aston_martin,15.0,13.227791601506036,0,13.094015757858848,0,13.376328454799456,1,14.037556,0,10.971612390805001,1,0.18343896,1,15.208773901186861,0,-0.39073056284810703,1,0.9104898121329621,1,5,8
2017,2020,2021,10,vettel,aston_martin,10.0,10.532833245328044,1,10.002336817070294,1,12.228694561321745,0,7.9570413,0,9.736025708195688,0,-1.646153,0,9.663812125737518,0,-2.817108506515794,0,0.7036012520225564,0,2,19
2017,2020,2021,10,gasly,alphatauri,12.0,11.994830626583486,0,11.30784484530797,0,11.34956098403067,0,9.886309,1,9.408337968678177,0,-2.951473,0,9.467452684148787,0,-6.580312774160466,0,0.47247079498843236,0,1,11
2017,2020,2021,10,perez,red_bull,5.0,6.0989530266454945,0,7.804576811567195,0,5.614376391478543,0,9.1522,0,8.555032123836993,0,-3.926148,0,10.021278196637693,1,-9.325906156987193,0,0.2748530866382093,0,1,16
2017,2020,2021,10,norris,mclaren,6.0,7.6443038182442,0,8.471551637500971,0,5.827677950460673,0,9.776918,0,8.232625218282354,0,-4.1023793,0,13.373211013371094,0,-8.926307119535064,0,0.1786738405018617,0,0,4
2017,2020,2021,10,bottas,mercedes,3.0,5.054760729366417,0,5.325213832614479,0,3.9727007613885803,0,6.590419,0,7.7551725741823905,0,-4.8388753,0,7.495076590538015,0,-8.558321855827185,0,0.0790561590541573,0,0,3
2017,2020,2021,10,leclerc,ferrari,4.0,7.577217588214039,0,8.070031356928485,0,6.878114131873394,0,6.3972144,0,8.696402378209271,0,-4.1327825,0,6.00520920879774,0,-7.761473350112707,0,0.20749349626718225,0,0,2
2017,2020,2021,10,hamilton,mercedes,1.0,3.4228936517898214,0,3.5083572412126074,0,2.069750401497078,0,3.645881,0,5.636536139435762,0,-4.5904675,0,1.801267272293176,0,-9.645373106727734,0,0.028263332495777203,0,0,1
2017,2020,2021,10,alonso,alpine,11.0,11.479269790921075,0,10.152378981752006,0,12.56492598315638,0,8.80959,0,9.77001067826459,0,-1.4114846,0,9.018541542249697,0,-3.4729090741923603,0,0.6980640396950013,0,0,7
2017,2020,2021,10,ocon,alpine,13.0,12.817175475191448,0,12.418442018327774,0,11.814939750498056,0,11.518871,0,9.536826901979254,0,-1.8531442,0,10.921762983154023,0,-3.044586243744885,0,0.6445825587417028,0,0,9
2017,2020,2021,10,sainz,ferrari,9.0,9.34850716878572,0,8.034818602653187,0,10.497341208401272,0,7.657255,0,9.190408995050698,0,-2.2233498,0,7.954625192275308,0,-3.9017234206886964,0,0.5484847771068425,0,0,6
2017,2020,2021,10,ricciardo,mclaren,7.0,8.949502808601629,0,9.14300735668135,0,10.270617754755873,0,8.918103,0,9.221432539591385,0,-3.0790086,0,7.441830540395955,0,-6.034415448638352,0,0.41044341705918747,0,0,5
2017,2020,2021,10,russell,williams,8.0,12.682806223158842,0,12.400922594401916,0,11.047497582574646,0,12.399739,0,9.271627495365697,0,-2.1062691,0,13.841225500306383,0,-4.351132058882358,0,0.5492176709322868,0,0,12
2017,2020,2021,10,tsunoda,alphatauri,16.0,13.30289625398959,0,13.94330842101537,0,11.155805506221263,0,14.665283,0,9.321813659715916,0,-2.2655692,0,14.712024910685717,0,-3.9713312013361177,0,0.535326561924657,0,0,10
2017,2020,2021,10,latifi,williams,18.0,15.421764062970421,0,15.004543065522089,0,8.43826474875694,0,15.384279,0,8.900646222408723,0,-3.2770977,0,15.25543795451331,0,-4.7571735851702055,0,0.3683475155095164,0,0,14
2017,2020,2021,10,giovinazzi,alfa,14.0,13.792252332238537,0,14.503112849278246,0,10.767895488347639,0,15.641597,0,9.611716340014361,0,-0.5661812,0,15.358871013027345,0,-4.370102331880039,0,0.7182617942129675,0,0,13
2017,2020,2021,10,raikkonen,alfa,17.0,14.06787185229744,0,14.672465955503217,0,10.34727510234394,0,14.3127575,0,9.34468310399286,0,-3.36788,0,14.434698494382452,0,-4.6619807115566525,0,0.39021273630945047,0,0,15
2017,2020,2021,10,mazepin,haas,20.0,17.55773129838711,0,15.582727480756994,0,7.48470030681251,0,14.884152,0,9.05361608992717,0,-3.8316636,0,13.834535330435386,0,-6.1406937936138695,0,0.2783515851928645,0,0,17
2017,2020,2021,10,mick_schumacher,haas,19.0,17.071260406113332,0,15.524758015851376,0,7.496436796478918,0,14.546776,0,8.939991984965559,0,-3.9308007,0,13.678296964886355,0,-7.782810218974007,0,0.24161374907427996,0,0,18
2017,2020,2021,10,max_verstappen,red_bull,2.0,3.8735546965057797,0,3.6675842277571387,0,3.0697045945103616,0,2.9857354,0,7.320569190956545,0,-4.7460785,0,4.622364172137281,0,-8.075482558568583,0,0.0677181911054639,0,0,20
2017,2020,2021,11,giovinazzi,alfa,1.0,8.935218810359268,0,9.26737943399814,0,10.35249291449162,0,8.726621,0,11.15551714407866,1,0.20716867,1,9.000806068716283,0,0.3908547563838614,1,0.9274791591637772,1,4,13
2017,2020,2021,11,ocon,alpine,8.0,10.993221145287315,0,10.26595052337991,1,11.990615047542333,1,8.871479,0,9.478131082297665,0,-1.8100812,0,8.838858972645358,0,-1.9078681625582752,0,0.6555645397400475,0,2,1
2017,2020,2021,11,alonso,alpine,9.0,10.521138687422692,0,10.662638628299833,0,11.46970057989254,0,10.020206,1,9.945212926818542,0,-1.7411461,0,9.846585460076831,1,-4.528871150372456,0,0.674305943535048,0,2,4
2017,2020,2021,11,gasly,alphatauri,5.0,10.108205583950944,1,8.729791718146164,0,10.9753020215821,0,8.560934,0,9.217147340228863,0,-2.8421388,0,7.407095241834941,0,-6.047382675969484,0,0.42863942210275124,0,1,5
2017,2020,2021,11,sainz,ferrari,15.0,11.05012342284098,0,10.34267720263272,0,9.481588436690762,0,10.860098,0,9.016140157441793,0,-2.4092045,0,8.925047475785021,0,-8.209108012313829,0,0.4490632662453886,0,0,3
2017,2020,2021,11,hamilton,mercedes,1.0,3.0290944182542283,0,2.7328808241547353,0,2.3549323321833775,0,2.7713814,0,6.853038563509218,0,-4.531651,0,4.089680487646945,0,-8.049429073785973,0,0.02752610912887394,0,0,2
2017,2020,2021,11,latifi,williams,18.0,15.255257256385505,0,15.063106521265956,0,8.071777343260248,0,14.40473,0,9.153002888577474,0,-3.3272614,0,14.657421697378918,0,-4.44118205624149,0,0.3388838461471365,0,0,7
2017,2020,2021,11,tsunoda,alphatauri,16.0,12.066568883443649,0,14.235488692511442,0,11.170118709360803,0,13.907821,0,9.693674628147981,0,-1.60326,0,13.243345770106377,0,-3.7201971844952557,0,0.6126395314218823,0,0,6
2017,2020,2021,11,max_verstappen,red_bull,3.0,6.348147325856949,0,5.107214779549627,0,4.275035578057813,0,3.9171927,0,7.93658485554702,0,-4.643612,0,3.9956934333556315,0,-8.860556051886366,0,0.042165687199011884,0,0,9
2017,2020,2021,11,raikkonen,alfa,13.0,11.87644532839989,0,12.766624601750365,0,10.927357778874873,0,10.324415,0,9.693744287082643,0,-1.542581,0,12.147399979647975,0,-1.7025019489453295,0,0.6577648826001737,0,0,10
2017,2020,2021,11,ricciardo,mclaren,11.0,9.88939308216278,0,9.170174039276638,0,10.347339197005544,0,10.029611,0,9.21134711903409,0,-2.2074223,0,8.693338272977389,0,-6.023700029718564,0,0.5148064610158087,0,0,11
2017,2020,2021,11,russell,williams,17.0,14.616084366039438,0,14.807956170039615,0,9.319014690870604,0,14.455532,0,9.135387289008076,0,-2.5898514,0,15.072989378390977,0,-5.493970206695767,0,0.42639489079299153,0,0,8
2017,2020,2021,11,mick_schumacher,haas,20.0,16.688932051072534,0,15.70798417181835,0,7.530784175845306,0,15.3392515,0,9.243125861034262,0,-3.4406428,0,15.012851722224873,0,-5.479830265876403,0,0.30128320685745086,0,0,12
2017,2020,2021,11,mazepin,haas,19.0,16.78592147539109,0,15.55753991806808,0,7.705326158263255,0,14.940027,0,9.396601612732153,0,-3.3819945,0,14.329031913373182,0,-4.483616039714726,0,0.3304843434128931,0,0,14
2017,2020,2021,11,norris,mclaren,6.0,8.260291217573547,0,8.149362369968422,0,5.538418217990527,0,8.781343,0,8.548495324668044,0,-3.8080184,0,12.372781928108319,0,-8.759020163391252,0,0.18786717282530177,0,0,15
2017,2020,2021,11,bottas,mercedes,2.0,5.224630497025242,0,6.201488968986345,0,3.490124893596665,0,6.871089,0,7.5039763310891106,0,-3.7920036,0,7.963552683774205,0,-8.972374396716273,0,0.14888905151941573,0,0,16
2017,2020,2021,11,perez,red_bull,4.0,7.000849155550695,0,5.324103450726491,0,4.947580984759587,0,3.3966455,0,8.158992045718714,0,-4.049006,0,4.868176254914929,0,-8.802888621495333,0,0.12819495364571715,0,0,17
2017,2020,2021,11,leclerc,ferrari,7.0,9.263087970042866,0,8.586507340701598,0,7.572433931760891,0,8.787711,0,8.521258886892204,0,-4.0101376,0,7.214334745198536,0,-7.811932056274031,0,0.20410936276355346,0,0,18
2017,2020,2021,11,stroll,aston_martin,12.0,11.730482302339095,0,11.197869380787584,0,11.877490329079695,0,10.75769,0,9.747344280375344,0,-1.5455616,0,11.249660739334175,0,-2.5703451853584873,0,0.6755258720864082,0,0,19
2017,2020,2021,11,vettel,aston_martin,10.0,10.68652746452406,0,10.946776217061165,0,11.721817681067545,0,11.140552,0,9.685542846835496,0,-3.0761955,0,12.495511207701858,0,-5.400854111626449,0,0.4282031081007969,0,0,20
2017,2020,2021,12,stroll,aston_martin,15.0,12.543694845568295,0,12.961841827591224,0,11.900189516746492,1,12.656348,0,10.197516495751156,0,-0.9979813,1,12.42226325965213,0,-0.4248336878323771,1,0.9304605539647439,1,4,20
2017,2020,2021,12,ocon,alpine,9.0,10.933816469524139,0,10.421906435659324,1,11.438054356462786,0,12.236774,0,9.497530836741964,0,-2.7987127,0,10.415466775563248,1,-6.027403330682977,0,0.6418502203251273,0,2,7
2017,2020,2021,12,gasly,alphatauri,6.0,9.039939424192687,0,8.773026451644522,0,10.150310722750026,0,9.748568,1,9.18595484214355,0,-2.8801336,0,8.828436540406864,0,-6.1219826888375035,0,0.5667361866858939,0,1,6
2017,2020,2021,12,leclerc,ferrari,11.0,10.395221414702988,1,9.446198235640589,0,9.974224195840913,0,9.422757,0,9.396168026886196,0,-3.1858587,0,7.5103405176608575,0,-5.9786747880915145,0,0.4979247322471467,0,1,8
2017,2020,2021,12,alonso,alpine,14.0,11.391584131434149,0,11.828923333927708,0,11.836167234043497,0,11.761395,0,10.635823858186429,1,-1.045582,0,12.247831958231206,0,-1.9176832862174509,0,0.9079668514514251,0,1,11
2017,2020,2021,12,hamilton,mercedes,3.0,4.524592085347062,0,3.749096592988242,0,3.495416702039951,0,5.221478,0,6.364590679710105,0,-4.247989,0,4.064458506297638,0,-9.71569752158342,0,0.13387707415471678,0,0,3
2017,2020,2021,12,russell,williams,2.0,9.015624341898896,0,8.145456490816715,0,9.423410552154133,0,9.031537,0,9.100343639163746,0,-2.3559878,0,6.699249579590641,0,-4.273772475562641,0,0.6203868270673828,0,0,2
2017,2020,2021,12,max_verstappen,red_bull,1.0,4.316312455768393,0,3.6397943251167555,0,2.841514483034261,0,1.8142395,0,6.938926808772725,0,-5.027799,0,0.607480973077641,0,-9.273173436783292,0,0.01844809798986406,0,0,1
2017,2020,2021,12,ricciardo,mclaren,4.0,7.617081787235673,0,7.811794663734829,0,8.699626501896834,0,9.552794,0,8.86535751342075,0,-2.3743289,0,8.021254581546469,0,-6.078863759128154,0,0.5931706120121673,0,0,4
2017,2020,2021,12,vettel,aston_martin,5.0,8.645419709451081,0,9.459462564433231,0,9.746053842050742,0,8.213139,0,9.16071881381786,0,-3.5123916,0,8.809272262378546,0,-5.079977878097636,0,0.48520150794047995,0,0,5
2017,2020,2021,12,sainz,ferrari,13.0,10.64559703972214,0,8.726719304941524,0,9.583294781670606,0,8.390341,0,9.095505963702955,0,-2.2672377,0,9.20158603170207,0,-4.71882011897971,0,0.6793500264327251,0,0,10
2017,2020,2021,12,latifi,williams,12.0,12.736794086742336,0,13.54895191150164,0,10.232654430371827,0,12.885564,0,9.369406541853479,0,-1.1949054,0,15.049463734958385,0,-4.043646007918412,0,0.7937027323188727,0,0,9
2017,2020,2021,12,bottas,mercedes,8.0,7.1108219394295,0,8.521972413923178,0,5.667543078793307,0,10.904524,0,8.711788950840019,0,-4.3885636,0,8.278467020681335,0,-10.087912525731134,0,0.20370578506811535,0,0,12
2017,2020,2021,12,giovinazzi,alfa,16.0,13.72186336836016,0,14.762183938619913,0,9.073659213933507,0,15.160399,0,9.091872583444884,0,-2.353916,0,16.29681297455724,0,-3.962622142191765,0,0.6047710412884536,0,0,13
2017,2020,2021,12,tsunoda,alphatauri,17.0,12.48997675554687,0,13.849531156911109,0,10.266823324034393,0,14.079053,0,9.318870059681833,0,-1.1722332,0,13.001290396547343,0,-4.13458078360107,0,0.8087539845854831,0,0,15
2017,2020,2021,12,norris,mclaren,10.0,8.70155281001995,0,8.612436449471666,0,6.730093306171322,0,9.513014,0,8.866014815205999,0,-3.7939157,0,8.490344186994326,0,-7.5497154845355565,0,0.34886841550142333,0,0,14
2017,2020,2021,12,mick_schumacher,haas,18.0,16.73248076624574,0,16.269325885351698,0,5.875498683091751,0,16.090076,0,8.812456434647947,0,-3.7701492,0,16.257987187768954,0,-7.974567870522817,0,0.29120078584525555,0,0,16
2017,2020,2021,12,mazepin,haas,20.0,17.357959486863624,0,16.2219657741301,0,5.784951375551733,0,15.636818,0,8.712369875013309,0,-3.0991793,0,15.76061338660264,0,-7.564908273030655,0,0.39143882838405897,0,0,17
2017,2020,2021,12,raikkonen,alfa,19.0,14.515526855471787,0,14.634322516289515,0,8.527286846759411,0,13.018962,0,8.974067610945278,0,-3.0454154,0,14.3885188466952,0,-5.6387795080620835,0,0.47958082498517396,0,0,18
2017,2020,2021,12,perez,red_bull,7.0,7.15020827241973,0,6.859515972766453,0,5.909225208837627,0,6.3315425,0,8.156930677658124,0,-4.126494,0,4.143710363892955,0,-8.372100360631544,0,0.22927735640962532,0,0,19
2017,2020,2021,13,giovinazzi,alfa,7.0,10.49621459941834,0,10.026633680053097,1,10.817564472398196,0,9.7633915,1,9.44126839117816,0,-2.2780683,0,10.238663803884315,0,-2.4863505480995323,1,0.7274964159828284,0,3,14
2017,2020,2021,13,tsunoda,alphatauri,15.0,12.04285991180946,0,13.257294456879551,0,12.9078325876525,1,12.873737,0,8.892157394238001,0,-0.30722934,1,15.042854920129793,0,-3.0400924820225845,0,0.8907819289926124,1,3,19
2017,2020,2021,13,norris,mclaren,13.0,10.323656102350688,1,10.328984031090718,0,9.65483280869718,0,11.67807,0,9.300496998022492,0,-3.0656188,0,10.125954366356526,1,-6.134197277836688,0,0.5578607993463853,0,2,10
2017,2020,2021,13,stroll,aston_martin,12.0,12.261538344512603,0,12.922245244739822,0,12.047568994442376,0,15.082806,0,9.643950530618831,1,-0.9719244,0,14.4264874430799,0,-2.9183262518533875,0,0.8166635361932235,0,1,12
2017,2020,2021,13,gasly,alphatauri,4.0,8.027839550731434,0,7.173535927248504,0,9.558071935320248,0,8.325682,0,8.851402223464552,0,-3.197835,0,7.355929547826082,0,-6.640343848395905,0,0.450403063006663,0,0,4
2017,2020,2021,13,bottas,mercedes,3.0,4.482384082622254,0,5.93444583458924,0,4.408583082162277,0,3.8213751,0,7.714452347947572,0,-5.0241475,0,3.393662599627786,0,-10.039903364231506,0,0.06627563956948339,0,0,3
2017,2020,2021,13,hamilton,mercedes,2.0,2.7511983154085256,0,3.3646906945563866,0,3.0054141629257676,0,2.6385381,0,7.632548525873746,0,-4.548559,0,1.3054855205002944,0,-9.184559270446766,0,0.1137149254094103,0,0,2
2017,2020,2021,13,max_verstappen,red_bull,1.0,4.1028725911629085,0,3.5025550038009574,0,2.7274078465825355,0,2.4688084,0,6.4099852219498015,0,-5.1955905,0,2.4214977133756133,0,-8.823730735757076,0,0.024629057579043243,0,0,1
2017,2020,2021,13,perez,red_bull,16.0,10.98726941258478,0,10.65828216702554,0,8.15225403501687,0,10.351612,0,8.468652610715932,0,-3.282551,0,8.648466687770211,0,-6.6717280219422115,0,0.4328436721999344,0,0,8
2017,2020,2021,13,sainz,ferrari,6.0,7.434553592990602,0,7.764766656259162,0,8.882886757061812,0,6.854458,0,8.943607907906546,0,-3.6695042,0,6.176913380854441,0,-7.262891037617014,0,0.3672373650853365,0,0,7
2017,2020,2021,13,leclerc,ferrari,5.0,6.709591372939903,0,7.439667480640235,0,8.419987697250457,0,7.418061,0,8.366208904648063,0,-3.512627,0,3.659176666490491,0,-7.531535725826312,0,0.35686963160457663,0,0,5
2017,2020,2021,13,alonso,alpine,9.0,9.280809044514113,0,9.706824032598016,0,12.08295765221589,0,9.693271,0,9.637405497040039,0,-1.5274924,0,10.911681245503047,0,-2.7294694236832355,0,0.796799093936855,0,0,6
2017,2020,2021,13,ricciardo,mclaren,10.0,9.43719964882902,0,8.902781635360483,0,10.890492103196928,0,9.646314,0,9.373030237382867,0,-1.6027765,0,9.611691117414745,0,-3.211093046942474,0,0.7821891928898645,0,0,11
2017,2020,2021,13,ocon,alpine,8.0,9.1853965625065,0,10.285108289132292,0,11.520685324791168,0,13.000542,0,9.552048153935997,0,-2.8037994,0,11.76581614931851,0,-4.020025309586712,0,0.5944503941585002,0,0,9
2017,2020,2021,13,kubica,alfa,18.0,14.5427504240599,0,14.654209690433587,0,8.446964799550237,0,15.273673,0,9.139863670905084,0,-1.2120832,0,15.038061256591222,0,-3.0690667657212165,0,0.7255264489267103,0,0,15
2017,2020,2021,13,vettel,aston_martin,17.0,12.675173868793465,0,13.22936415555882,0,10.727975671328238,0,11.102978,0,9.435824275844812,0,-2.1173542,0,12.92524238131453,0,-3.7476703535038607,0,0.654051809405981,0,0,13
2017,2020,2021,13,latifi,williams,14.0,13.730890317858732,0,14.34100033468567,0,11.9788617647627,0,13.367779,0,9.330516271821885,0,-1.1589693,0,14.64486235138553,0,-3.275382368828501,0,0.7816016601189736,0,0,16
2017,2020,2021,13,russell,williams,11.0,11.9894959631614,0,13.822724395489152,0,10.818102273164904,0,15.4969015,0,8.865140318109866,0,-1.8326685,0,16.319810556021604,0,-3.529967070404055,0,0.6699752318655959,0,0,17
2017,2020,2021,13,mick_schumacher,haas,19.0,17.410163504623743,0,15.68631460023022,0,7.308990567102139,0,15.489877,0,8.705298937966042,0,-4.2475367,0,14.903133261986351,0,-7.360678034948701,0,0.2676212566613329,0,0,18
2017,2020,2021,13,mazepin,haas,20.0,17.822330543224254,0,15.940278781467862,0,6.439492958812207,0,16.213305,0,8.910264981024813,0,-3.5373971,0,14.985812433766833,0,-7.001898669796538,0,0.34795189793370757,0,0,20
2017,2020,2021,14,tsunoda,alphatauri,17.0,13.30955362878155,0,13.548984654141032,0,11.244748573109735,0,13.913253,0,9.33981953596996,0,-0.8305506,1,14.44061194808125,0,-1.8679448879476659,1,0.8874345084214168,1,3,20
2017,2020,2021,14,vettel,aston_martin,11.0,11.261811840093001,0,10.8915965042937,1,12.17519675467537,0,8.957108,0,9.787243088862052,1,-2.9366531,0,9.728910346787998,1,-5.350598070288699,0,0.640017599456973,0,3,12
2017,2020,2021,14,sainz,ferrari,7.0,8.400871341016966,0,8.853677941909858,0,9.237478452978818,0,10.362313,1,9.020186263886938,0,-3.301165,0,10.717436320069455,0,-5.460467769451191,0,0.501549756906602,0,1,6
2017,2020,2021,14,stroll,aston_martin,12.0,12.6243468042688,0,11.98240303676604,0,12.604367825687572,1,12.431368,0,9.532905938477564,0,-1.7435716,0,10.98675623814954,0,-2.703274322672914,0,0.8134788785412022,0,1,7
2017,2020,2021,14,gasly,alphatauri,6.0,9.043312324323443,1,7.9280068170790585,0,8.084093607452994,0,5.7735457,0,8.74464254694064,0,-2.960254,0,6.890716620578816,0,-7.768600170548588,0,0.44232427640869515,0,1,19
2017,2020,2021,14,bottas,mercedes,1.0,3.477909916730952,0,4.94863613683234,0,2.910447856535285,0,5.933279,0,7.062106068585441,0,-4.5725756,0,4.003771102709575,0,-7.761197197815804,0,0.09586254233856575,0,0,3
2017,2020,2021,14,norris,mclaren,4.0,7.1611543754250775,0,6.836923206300768,0,6.709363741172068,0,6.360064,0,8.45687511000702,0,-4.179352,0,4.756161788998351,0,-8.122288863023947,0,0.22789935908764722,0,0,2
2017,2020,2021,14,ricciardo,mclaren,5.0,7.349578685083136,0,7.348620800677724,0,8.917062101349067,0,6.114027,0,8.486445320684286,0,-2.9162173,0,7.331335610773913,0,-6.861368480089769,0,0.4752989071619548,0,0,1
2017,2020,2021,14,leclerc,ferrari,8.0,8.642559605634373,0,8.83742592527885,0,9.869932464884489,0,7.894227,0,8.813654919474603,0,-2.225358,0,6.826590964542202,0,-5.991595398799194,0,0.6019188277121328,0,0,4
2017,2020,2021,14,russell,williams,15.0,14.220749610864921,0,14.65149049200494,0,10.667491388369587,0,16.225256,0,9.220687672658546,0,-2.340404,0,16.216623442602927,0,-5.9834197719170445,0,0.590449430395961,0,0,9
2017,2020,2021,14,alonso,alpine,13.0,11.534712969919632,0,11.575839915400486,0,11.21807691932431,0,11.623751,0,9.571511960768602,0,-1.1856487,0,11.408483853143913,0,-4.773684345185999,0,0.8259825580448686,0,0,8
2017,2020,2021,14,perez,red_bull,9.0,9.028488284272893,0,7.6475308160768085,0,9.254068308250929,0,8.344467,0,9.021725914013865,0,-3.6181622,0,5.567842555607538,0,-6.839475369782191,0,0.3786004991884274,0,0,5
2017,2020,2021,14,latifi,williams,16.0,14.882035953255864,0,14.913212058484923,0,10.093616603911927,0,15.948673,0,9.133537261995418,0,-3.3550045,0,15.648159608299435,0,-5.995149539677864,0,0.4390680848235351,0,0,11
2017,2020,2021,14,ocon,alpine,14.0,12.126416831105255,0,12.995927776391124,0,10.456822606795637,0,13.468143,0,9.466495967693564,0,-1.3670192,0,12.444314228359637,0,-1.9177768308391112,0,0.8166289916280499,0,0,10
2017,2020,2021,14,giovinazzi,alfa,10.0,12.4817935894466,0,12.529578024217196,0,11.279787684016716,0,11.988562,0,9.467585579827722,0,-2.320485,0,12.710891081295474,0,-3.1102215742535075,0,0.6720305855676159,0,0,13
2017,2020,2021,14,kubica,alfa,19.0,15.196605922793667,0,14.604084677479916,0,8.31891858316593,0,14.670832,0,9.018139529774635,0,-2.4039493,0,13.599617929844424,0,-3.581986999717256,0,0.5938052022823432,0,0,14
2017,2020,2021,14,mazepin,haas,20.0,17.694764141302127,0,15.614209446513808,0,7.146562768538783,0,14.946276,0,8.993522291791125,0,-3.12634,0,13.890795521715534,0,-5.287238602950677,0,0.4446115078054639,0,0,16
2017,2020,2021,14,mick_schumacher,haas,18.0,17.04232017802033,0,15.749667346667213,0,7.173110407491842,0,15.225737,0,9.084076287800556,0,-4.2079115,0,14.738703719526107,0,-6.637985112075975,0,0.26787686217699963,0,0,15
2017,2020,2021,14,max_verstappen,red_bull,3.0,5.340657568968406,0,4.49704843569285,0,4.061538470909542,0,4.190162,0,7.836944811533405,0,-4.8880754,0,5.733752660755353,0,-10.588510429354093,0,0.042105818425733535,0,0,18
2017,2020,2021,14,hamilton,mercedes,2.0,3.1653682468706634,0,3.057071112901326,0,3.3721893213639804,0,3.4316373,0,7.039091186572692,0,-4.274814,0,1.8591545171941737,0,-10.074109055964186,0,0.10159800882357928,0,0,17
2017,2020,2021,15,vettel,aston_martin,11.0,10.17564745839075,0,11.402582431896079,0,12.277424443935638,1,11.159922,0,9.783018516849763,0,-1.3923981,0,10.400587122641904,1,-3.3268866621114053,0,0.9140540369549823,0,2,12
2017,2020,2021,15,ocon,alpine,10.0,9.957558937238245,1,10.30030773091285,0,12.10424730952351,0,10.322962,1,9.757982629603864,0,-1.4116062,0,7.251864498668365,0,-5.825041700093716,0,0.7653715506989707,0,2,14
2017,2020,2021,15,stroll,aston_martin,8.0,10.429881781362978,0,11.226817069846838,0,12.029145947564592,0,11.647029,0,9.91085683144182,0,-1.1237451,1,10.6435860419821,0,-3.0436721357347767,0,0.9589150834545149,1,2,11
2017,2020,2021,15,perez,red_bull,9.0,9.595772854606727,0,9.816092415161792,1,9.466630681534676,0,12.085167,0,9.251074881414617,0,-3.5047553,0,10.538564425358,0,-5.900680266607236,0,0.3256636633796933,0,1,9
2017,2020,2021,15,gasly,alphatauri,12.0,10.69373729399842,0,12.014304335862086,0,10.951084884167756,0,12.008684,0,9.942954979399829,0,-1.4577869,0,12.011029601709236,0,-2.396644541216338,1,0.8402952063911174,0,1,13
2017,2020,2021,15,latifi,williams,14.0,12.46984622072957,0,14.696086491764456,0,9.75928761718079,0,14.402561,0,9.999641852414966,1,-1.243863,0,14.681596510100407,0,-4.58600993030479,0,0.7807719310818589,0,1,19
2017,2020,2021,15,max_verstappen,red_bull,20.0,11.092125064304234,0,9.010060109963472,0,5.990877209518695,0,9.066857,0,8.964297908344149,0,-3.8211658,0,6.273526416699972,0,-5.641147329034278,0,0.12343563768099905,0,0,2
2017,2020,2021,15,hamilton,mercedes,4.0,5.163957251258194,0,5.564025424886208,0,4.4406796192169,0,8.390405,0,8.31052208603066,0,-3.2708652,0,4.167311458927326,0,-6.654027249030223,0,0.1609874293022316,0,0,1
2017,2020,2021,15,ricciardo,mclaren,5.0,6.0779975194716895,0,8.094748211654888,0,8.58267359123497,0,10.740713,0,9.304596390844052,0,-1.2423835,0,8.62057011875207,0,-2.954668467182444,0,0.8299482576524491,0,0,4
2017,2020,2021,15,sainz,ferrari,2.0,6.133370407411425,0,5.32648003923694,0,6.171850516493491,0,6.5121546,0,8.210266530107686,0,-3.1285577,0,3.9822105956873646,0,-5.813229161945399,0,0.24242176589026268,0,0,3
2017,2020,2021,15,raikkonen,alfa,16.0,13.809931008020385,0,15.17069365977978,0,8.995713763720943,0,13.856166,0,9.22708346102559,0,-2.6547399,0,14.746474150039994,0,-3.4906954754565,0,0.48145136684956763,0,0,8
2017,2020,2021,15,bottas,mercedes,7.0,6.621035320608543,0,8.781979695630879,0,6.182855092616682,0,7.881506,0,8.631368643028795,0,-3.3374605,0,8.733898779779286,0,-7.768321878127445,0,0.20451442810461976,0,0,5
2017,2020,2021,15,russell,williams,3.0,8.56384850403095,0,7.681336569835444,0,9.44966302314996,0,9.052717,0,9.151593136631208,0,-2.1799762,0,7.520373118670006,0,-4.546721876764828,0,0.5796130433903569,0,0,10
2017,2020,2021,15,alonso,alpine,6.0,8.022990325100508,0,9.460890808561569,0,10.458225719023055,0,9.386678,0,9.433782268995655,0,-2.0176175,0,7.21516377736331,0,-4.233680478636737,0,0.642450189298605,0,0,6
2017,2020,2021,15,norris,mclaren,1.0,4.876631784382966,0,5.282890457983797,0,4.870205217403241,0,7.9085093,0,7.597625466927498,0,-3.7443535,0,5.80896352911761,0,-5.56858801161741,0,0.09095938370040499,0,0,7
2017,2020,2021,15,leclerc,ferrari,15.0,10.11251340932322,0,10.887151370931957,0,9.161166891987795,0,10.503126,0,9.295909259939828,0,-2.3334131,0,6.183551562097983,0,-5.631533493166293,0,0.5025677585808059,0,0,15
2017,2020,2021,15,giovinazzi,alfa,18.0,14.177387762921628,0,15.346396955842135,0,8.18323845620416,0,16.390915,0,8.923750018020566,0,-2.8866343,0,15.800208271868113,0,-4.125999153087247,0,0.3901127040401431,0,0,16
2017,2020,2021,15,tsunoda,alphatauri,13.0,12.255117472820004,0,12.260678601288173,0,11.292844103037499,0,11.712722,0,9.843319266300483,0,-1.5178579,0,12.69762176787026,0,-3.317220895267361,0,0.7970651635969878,0,0,17
2017,2020,2021,15,mazepin,haas,19.0,16.471690802445075,0,15.92364932694864,0,5.789161806470889,0,15.489109,0,8.623980209390607,0,-2.9410853,0,15.772213768782247,0,-4.232832565596727,0,0.3262529994736894,0,0,18
2017,2020,2021,15,mick_schumacher,haas,17.0,15.912864040445601,0,16.070448938624086,0,6.35872491161441,0,15.466289,0,8.611257073064243,0,-2.9707074,0,15.275419546067061,0,-4.535922112582319,0,0.32399574759226796,0,0,20
2017,2020,2021,16,alonso,alpine,5.0,8.854220259485462,0,9.243795706597627,0,10.557765486819559,0,8.5745735,0,9.388596054006102,0,-1.3786694,1,10.265833263433228,1,-2.7575764244362917,0,0.9450871412699687,1,3,16
2017,2020,2021,16,tsunoda,alphatauri,9.0,11.416185832379158,0,10.424541357887337,0,12.222258689690372,1,9.150316,0,9.9060043185601,0,-2.3497212,0,8.740507166736386,0,-1.648326745446072,1,0.7777512407896046,0,2,14
2017,2020,2021,16,leclerc,ferrari,3.0,8.715973507076718,0,8.594791389954219,0,7.432347970737472,0,10.322899,1,8.650860950699876,0,-3.3744686,0,8.79878151233165,0,-8.28696892184535,0,0.3951555225660832,0,1,4
2017,2020,2021,16,norris,mclaren,7.0,9.634659967592233,1,8.330547933098474,0,6.3592634613723495,0,7.189725,0,8.495589534201267,0,-3.9193292,0,7.844318499374354,0,-8.869031109959016,0,0.2519413576226517,0,1,7
2017,2020,2021,16,vettel,aston_martin,10.0,10.69161635214507,0,10.268291749148284,0,11.98584893659954,0,8.287092,0,10.104675529786862,1,-1.9077483,0,7.411757547629075,0,-3.330041783543847,0,0.799503897170839,0,1,18
2017,2020,2021,16,ricciardo,mclaren,20.0,11.698045180446481,0,9.897404233856872,1,8.608412350368202,0,8.010071,0,8.808132686404466,0,-2.7107682,0,6.931001926455008,0,-4.484637809666789,0,0.5659552983795871,0,1,13
2017,2020,2021,16,bottas,mercedes,1.0,4.721180177440879,0,5.666422879551552,0,3.721947522607878,0,4.9377627,0,7.104118951573192,0,-3.9377072,0,4.419627036064143,0,-9.752093840760057,0,0.14901700868976964,0,0,1
2017,2020,2021,16,max_verstappen,red_bull,2.0,6.330526550124408,0,7.502247401755685,0,3.915191013317708,0,8.466561,0,7.8498831165153415,0,-4.3107805,0,9.25935332258943,0,-9.481076057663712,0,0.165608890625392,0,0,2
2017,2020,2021,16,perez,red_bull,6.0,8.057642193761827,0,8.214028192164593,0,7.586408044035995,0,8.51838,0,8.853543319351864,0,-3.5090868,0,7.283457111658828,0,-7.0193144921416915,0,0.3719964522470561,0,0,3
2017,2020,2021,16,hamilton,mercedes,1.0,3.046727704239548,0,3.871021823737242,0,2.7305524314365788,0,4.281593,0,6.796218074936873,0,-4.6842275,0,4.596868103321932,0,-9.23356943599298,0,0.010378559903966337,0,0,5
2017,2020,2021,16,gasly,alphatauri,4.0,8.909501533029484,0,8.073312310591449,0,10.316668857361758,0,7.6724405,0,9.126707420980274,0,-2.6825933,0,4.669467890176549,0,-4.8456719116009825,0,0.5817363383229769,0,0,6
2017,2020,2021,16,sainz,ferrari,19.0,11.678271213385578,0,8.051438836969009,0,7.600774356556787,0,7.729348,0,8.506321870117906,0,-3.1407485,0,7.776930881775733,0,-5.10075977384149,0,0.4708202606590377,0,0,8
2017,2020,2021,16,raikkonen,alfa,17.0,13.895272404925267,0,14.575655207674854,0,10.059991127177879,0,14.418525,0,9.339146490159221,0,-2.8958466,0,14.827761174921925,0,-5.731193667897974,0,0.5304766422822494,0,0,12
2017,2020,2021,16,giovinazzi,alfa,16.0,13.900821071043481,0,14.85528798298469,0,9.80788624312223,0,15.349164,0,9.063897477456697,0,-2.5633767,0,15.764632909834663,0,-3.0962068342713347,0,0.6231206624563941,0,0,11
2017,2020,2021,16,ocon,alpine,12.0,10.935286367217092,0,10.927679423203543,0,11.435315498686167,0,11.437947,0,9.521470431872388,0,-2.5077813,0,8.898506194513464,0,-4.685479780040568,0,0.6844433309625034,0,0,10
2017,2020,2021,16,stroll,aston_martin,8.0,11.286712970799119,0,10.48953240994559,0,12.005733570064363,0,9.520856,0,9.724317710669137,0,-1.9070883,0,8.953332404994605,0,-2.074864214516653,0,0.8477010511582344,0,0,9
2017,2020,2021,16,russell,williams,13.0,13.38472819127755,0,14.069954146644454,0,10.858607336203711,0,13.773202,0,9.272060175243647,0,-2.6012273,0,14.768505116488976,0,-3.6246872565013084,0,0.6298573061160085,0,0,15
2017,2020,2021,16,latifi,williams,15.0,14.002484954267244,0,14.38463696104497,0,9.983218301284865,0,15.05775,0,9.241796696923283,0,-1.9643272,0,14.821354777942377,0,-5.009879206304358,0,0.701694514345202,0,0,17
2017,2020,2021,16,mick_schumacher,haas,14.0,15.49818750353852,0,15.23905718183785,0,8.277457821055583,0,15.882478,0,8.791001908580776,0,-2.378135,0,15.114075258955827,0,-5.392346583774127,0,0.5900366375034973,0,0,19
2017,2020,2021,16,mazepin,haas,18.0,16.291558716610638,0,15.661613928684712,0,7.728800189915649,0,16.402634,0,8.831307612280447,0,-3.531713,0,14.56417468923163,0,-6.5500998404806,0,0.3649289912276911,0,0,20
2017,2020,2021,17,giovinazzi,alfa,13.0,13.092500166511627,0,12.387736303722942,0,11.184888594262786,0,11.422344,0,9.860433097346025,0,-0.3255508,1,10.270264167758487,0,-0.2205075397890201,1,0.9722812724039204,1,3,11
2017,2020,2021,17,vettel,aston_martin,12.0,11.560101245757552,0,10.768870121654944,0,12.275983427611367,0,10.048365,1,9.77345200141963,0,-1.4878974,0,9.782002914984242,1,-4.407313851276158,0,0.7839521050301211,0,2,10
2017,2020,2021,17,ocon,alpine,11.0,11.14850883671457,0,10.48439209716121,0,12.376158600769047,1,10.985559,0,9.606205691108796,0,-0.8490368,0,11.055480236601502,0,-4.519086843508208,0,0.81636082703414,0,1,19
2017,2020,2021,17,tsunoda,alphatauri,10.0,11.506192033003469,0,10.761082862544061,0,12.255178545741758,0,9.395726,0,10.301882555312417,1,-0.69911623,0,8.854555318511675,0,-2.179070415690905,0,0.8740975879069909,0,1,9
2017,2020,2021,17,gasly,alphatauri,9.0,10.262695641160496,0,9.538477043508296,1,11.082944359233647,0,9.595633,0,9.049193456240385,0,-2.8953292,0,8.36772498040575,0,-4.895803564249116,0,0.5129632157668154,0,1,20
2017,2020,2021,17,alonso,alpine,14.0,9.778380549126105,1,11.955198257287446,0,11.54240919789579,0,9.55093,0,9.422384477288295,0,-0.804032,0,10.613797809524412,0,-3.735337775675472,0,0.8371286288421389,0,1,18
2017,2020,2021,17,hamilton,mercedes,2.0,5.0653678894071446,0,4.192464472206152,0,3.2748145318281976,0,3.5740666,0,7.085292664256845,0,-4.8034735,0,2.78538979194414,0,-8.917115627841262,0,0.03921004715817709,0,0,2
2017,2020,2021,17,max_verstappen,red_bull,1.0,5.082113315647878,0,4.701387140148425,0,2.604884163510391,0,5.1039095,0,6.614765695829057,0,-4.871302,0,7.2427884216736995,0,-9.665975935544832,0,0.023455510463423118,0,0,1
2017,2020,2021,17,leclerc,ferrari,5.0,7.843196855097274,0,7.936558757108116,0,7.16125615797045,0,7.2524233,0,8.065237419370085,0,-3.7182202,0,6.533435817511813,0,-9.094913787542604,0,0.25640369157765314,0,0,4
2017,2020,2021,17,perez,red_bull,3.0,6.375857129052118,0,6.158917856840267,0,5.251312333858522,0,4.798896,0,8.17339802470585,0,-4.310641,0,6.653515894110648,0,-9.161514378111594,0,0.1552679182254681,0,0,3
2017,2020,2021,17,norris,mclaren,8.0,8.641142947086868,0,8.839175456434779,0,6.4536697915287,0,5.356956,0,8.735389520684107,0,-4.0423965,0,6.675941980256116,0,-9.043236213617652,0,0.21572854907947492,0,0,8
2017,2020,2021,17,ricciardo,mclaren,7.0,8.400788690518107,0,9.328155630666949,0,8.221314843264791,0,9.601877,0,8.790389469888128,0,-2.8179727,0,9.38064540285355,0,-6.753461293448072,0,0.48252000753363095,0,0,5
2017,2020,2021,17,stroll,aston_martin,16.0,12.7638671356505,0,12.847158358848603,0,11.66066044859603,0,12.545442,0,9.434735731912474,0,-1.2469989,0,12.636737999381717,0,-1.671793822882551,0,0.7667722699569977,0,0,12
2017,2020,2021,17,bottas,mercedes,4.0,5.822914444982553,0,4.895032515506991,0,4.403552213254344,0,5.3428445,0,7.695084981420668,0,-4.6182218,0,8.046057116104171,0,-9.923141719071046,0,0.10158899469372537,0,0,6
2017,2020,2021,17,sainz,ferrari,6.0,8.39267222719323,0,7.695457426315873,0,7.671310860867677,0,7.455841,0,8.38025004661328,0,-3.181628,0,7.5429174941885835,0,-9.61705801931381,0,0.33659793899887025,0,0,7
2017,2020,2021,17,raikkonen,alfa,18.0,13.551357019607831,0,13.301751195743407,0,10.876022173941653,0,11.742001,0,9.41447448741362,0,-1.8293737,0,11.747001389177118,0,-1.7843190769737654,0,0.6923038757315487,0,0,13
2017,2020,2021,17,mick_schumacher,haas,19.0,16.19946520530235,0,14.945755845418335,0,8.11251412717911,0,14.490871,0,9.079662796637542,0,-1.8112916,0,13.696558538077907,0,-3.7875266296216505,0,0.5997753308612571,0,0,16
2017,2020,2021,17,latifi,williams,17.0,14.458718762470454,0,13.687926369659277,0,10.57237621976909,0,14.155658,0,9.654313687164718,0,-1.7696861,0,14.115819112052478,0,-3.4871948544528677,0,0.6504358682757496,0,0,15
2017,2020,2021,17,russell,williams,15.0,13.76962817497754,0,13.613555927324917,0,11.319769410410133,0,15.1309,0,9.406315492770883,0,-2.0716534,0,15.111723041992338,0,-4.418364947766994,0,0.6021526560963535,0,0,14
2017,2020,2021,17,mazepin,haas,20.0,16.32985787428992,0,15.275819444934974,0,7.686288252290413,0,14.578281,0,8.981804350356477,0,-1.7627164,0,14.439395013858014,0,-2.0055251437498867,0,0.6206633706476874,0,0,17
2017,2020,2021,18,tsunoda,alphatauri,9.0,10.415129207256877,1,10.158722915156243,1,12.042107025542274,0,10.073946,1,9.684091198120566,0,-1.8883168,0,9.793085522150585,1,-2.621183424919996,0,0.7995643038381055,0,4,20
2017,2020,2021,18,norris,mclaren,10.0,8.608076920738448,0,9.326353568227393,0,10.297740137918886,0,8.778279,0,9.89254715336985,1,-1.6081145,0,8.166077575169817,0,0.6758545473472782,1,0.8001099730157506,0,2,10
2017,2020,2021,18,ocon,alpine,15.0,13.013039681089078,0,13.337134817842779,0,11.12671749746516,0,13.055437,0,9.626105867617296,0,-0.90315884,1,12.460867155714956,0,-2.4828357315958876,0,0.8604641917574541,1,2,13
2017,2020,2021,18,vettel,aston_martin,11.0,11.41492789539007,0,10.593489884885907,0,12.45084586242642,1,10.420966,0,9.58321036372324,0,-2.4451106,0,8.669088402568525,0,-4.190803768955065,0,0.6462360924537972,0,1,7
2017,2020,2021,18,gasly,alphatauri,5.0,8.81760693720905,0,8.427383437000794,0,10.07551187558501,0,8.821851,0,9.252093228132415,0,-2.0546873,0,7.438353920966492,0,-5.289789389419923,0,0.6294071464056022,0,0,4
2017,2020,2021,18,perez,red_bull,4.0,5.549815850641526,0,6.411909842770487,0,5.752843706799486,0,4.50248,0,8.481174282778003,0,-4.1066465,0,5.263324216271026,0,-8.160225109701761,0,0.19754184243188636,0,0,3
2017,2020,2021,18,hamilton,mercedes,2.0,3.3939275063775325,0,4.084969557488978,0,3.485795857258918,0,2.7896152,0,6.438002408000124,0,-4.476327,0,3.3094436633755473,0,-8.036642972934134,0,0.07717606557218358,0,0,2
2017,2020,2021,18,max_verstappen,red_bull,3.0,5.037363100524592,0,4.512826028946421,0,3.743595028801316,0,4.756414,0,7.778116956907142,0,-4.44335,0,7.537752089113133,0,-8.063035524193701,0,0.12530407021958107,0,0,1
2017,2020,2021,18,raikkonen,alfa,12.0,12.242602496663102,0,13.639357340635488,0,10.901838945279646,0,13.069669,0,9.381191527481011,0,-1.8456784,0,13.105919664361924,0,-4.513247690507425,0,0.6800133437841335,0,0,8
2017,2020,2021,18,alonso,alpine,16.0,12.386945726923317,0,13.564396451625317,0,10.871859636859346,0,12.211113,0,9.514645938219184,0,-2.4478977,0,11.335589635063394,0,-3.1763390509814444,0,0.6356876033617448,0,0,9
2017,2020,2021,18,sainz,ferrari,6.0,7.544636593274368,0,7.888908969745104,0,8.439472376041335,0,6.842915,0,8.663480432908836,0,-3.4115782,0,5.822094996025824,0,-7.347930090478844,0,0.3561311436430584,0,0,6
2017,2020,2021,18,leclerc,ferrari,8.0,8.207214197037441,0,9.221569799777217,0,9.535794683173098,0,9.190443,0,8.86455847620275,0,-2.7906845,0,8.89812075520439,0,-4.577152741346166,0,0.5433554418894493,0,0,5
2017,2020,2021,18,ricciardo,mclaren,7.0,8.171258928592339,0,8.704498262377301,0,8.985875669968372,0,7.0779805,0,8.893328365260897,0,-3.3758192,0,9.222378641399747,0,-6.950754254034622,0,0.4278113369769316,0,0,12
2017,2020,2021,18,giovinazzi,alfa,14.0,13.155987692354792,0,14.196826459936727,0,10.92118521160313,0,13.581119,0,9.025595220282545,0,-1.4200199,0,14.466188435379133,0,-3.4457780702160403,0,0.745055589434023,0,0,11
2017,2020,2021,18,bottas,mercedes,1.0,2.8824616370675633,0,3.6921848548887937,0,2.7115676786261034,0,2.4527838,0,6.803442719001196,0,-4.7645526,0,2.702613082119257,0,-9.613014395367108,0,0.005037398804807532,0,0,15
2017,2020,2021,18,stroll,aston_martin,20.0,14.430056634062076,0,13.813357587293018,0,10.763858322343449,0,13.667346,0,9.32876883558816,0,-2.2111106,0,12.981347471196033,0,-5.375526398659028,0,0.6122409116322843,0,0,14
2017,2020,2021,18,russell,williams,13.0,13.506479626877962,0,14.212228798003247,0,11.529610023917261,0,14.718815,0,9.262929606820604,0,-1.5694866,0,13.4062337851111,0,-5.336950622058413,0,0.7147940497581986,0,0,16
2017,2020,2021,18,latifi,williams,17.0,15.035123713515063,0,14.413083226562614,0,10.210267470038545,0,14.019613,0,9.804258755868982,0,-3.3916233,0,13.457217322636183,0,-3.9371475091999018,0,0.4523412477289608,0,0,17
2017,2020,2021,18,mazepin,haas,19.0,17.14691962398532,0,15.616933749406824,0,6.670897454455721,0,14.897779,0,8.744215388029167,0,-3.10287,0,14.553902959940666,0,-5.833536140048979,0,0.39625463936710964,0,0,18
2017,2020,2021,18,mick_schumacher,haas,18.0,16.81325830864848,0,15.268239512720932,0,7.315117615110754,0,14.234762,0,8.595406793064843,0,-3.6710129,0,13.4926412292906,0,-5.679139773209746,0,0.32744103739803393,0,0,19
2017,2020,2021,19,tsunoda,alphatauri,13.0,12.230587327801533,0,12.475154688776406,0,12.660026568665494,0,14.084282,0,10.112520201172206,0,-0.09957432,1,15.809186438521708,0,-4.263891834857504,0,0.8738390897512335,1,2,15
2017,2020,2021,19,ocon,alpine,11.0,11.472544618481615,0,10.212616655237277,1,12.860391466902628,1,8.640655,0,10.030815107892513,0,-1.6583213,0,8.175599215267553,0,-4.748771310066747,0,0.7072795039073401,0,2,8
2017,2020,2021,19,perez,red_bull,4.0,5.745280632370213,0,7.175951517807079,0,5.1102200167583005,0,8.457492,0,8.354146479909963,0,-3.8035197,0,10.12689590639323,1,-10.5513348106811,0,0.29051758465173366,0,1,4
2017,2020,2021,19,norris,mclaren,8.0,9.273400702213062,0,9.047116493083035,0,9.83921970024472,0,9.803687,1,9.134061546566532,0,-3.1654215,0,8.512307045704102,0,-6.448314475303183,0,0.45276914541867036,0,1,10
2017,2020,2021,19,russell,williams,18.0,15.394144654224473,0,14.197978100270591,0,10.724240045616131,0,14.341216,0,9.142738519429722,0,-1.8849493,0,14.88747257220769,0,-2.4383992402808397,1,0.659458647676757,0,1,13
2017,2020,2021,19,giovinazzi,alfa,15.0,13.935683408401985,0,13.37146304422658,0,11.440917688499589,0,12.665805,0,10.162883868804828,1,-0.51553065,0,12.369096698534058,0,-2.6346623949184784,0,0.8551711603250931,0,1,14
2017,2020,2021,19,gasly,alphatauri,5.0,9.704472639683438,1,9.470870093312595,0,8.763626898301943,0,8.796433,0,8.740644685660964,0,-2.8118813,0,8.557536537466303,0,-5.077515647403696,0,0.5007841973867136,0,1,7
2017,2020,2021,19,hamilton,mercedes,1.0,3.3363745660673585,0,2.9027993151904705,0,2.506232230942762,0,2.436593,0,5.723841113132123,0,-3.9214816,0,1.9016819364407114,0,-8.415974571529764,0,0.1547142798125877,0,0,1
2017,2020,2021,19,bottas,mercedes,3.0,5.124553112880917,0,5.452086530477077,0,4.2531707308943965,0,5.6049714,0,8.198207454842933,0,-4.906696,0,6.511307061411539,0,-9.037131755546259,0,0.09113516587040651,0,0,3
2017,2020,2021,19,max_verstappen,red_bull,2.0,4.684150847830252,0,4.41393998106609,0,3.218762592708532,0,6.651674,0,7.594749778442291,0,-4.503091,0,8.943779956229973,0,-7.3262512089519385,0,0.18077638120735337,0,0,2
2017,2020,2021,19,leclerc,ferrari,7.0,8.17358386118556,0,8.260520878794878,0,7.431821253270555,0,6.440812,0,8.54471730980204,0,-3.7722497,0,7.738191053682719,0,-9.538014255282441,0,0.27500626226460473,0,0,5
2017,2020,2021,19,sainz,ferrari,6.0,8.3490570779076,0,9.40316231768669,0,8.543539895753279,0,9.233153,0,8.889992810497048,0,-3.2924628,0,10.234284298182425,0,-5.40516658628673,0,0.48554463127900666,0,0,6
2017,2020,2021,19,raikkonen,alfa,14.0,13.14713295004483,0,13.082028698521144,0,11.29905552901994,0,12.447699,0,9.279703001690729,0,-2.1177795,0,11.319307563741678,0,-4.916892131185656,0,0.6295485670725485,0,0,12
2017,2020,2021,19,vettel,aston_martin,12.0,12.001281861566087,0,11.15590907225117,0,12.474328728923627,0,10.657992,0,9.879656866953844,0,-0.8105488,0,10.689000946598084,0,-4.548919370860508,0,0.8337812854720923,0,0,11
2017,2020,2021,19,alonso,alpine,10.0,11.321376439360733,0,9.678657645366927,0,11.981309876994448,0,7.502081,0,9.76436171337376,0,-2.1397877,0,7.959747886796433,0,-5.778184253738087,0,0.6138542093982827,0,0,9
2017,2020,2021,19,latifi,williams,17.0,15.284752399411541,0,14.493212933085038,0,9.334893601132414,0,13.982697,0,9.05424432358698,0,-2.1769176,0,13.678487845301811,0,-5.468735021408576,0,0.5566505115006839,0,0,16
2017,2020,2021,19,mazepin,haas,20.0,16.98290016240135,0,15.05419153573956,0,7.499574183032592,0,14.354496,0,9.057333124396242,0,-3.467686,0,12.980035408436201,0,-4.8286924391006965,0,0.39379134729472764,0,0,17
2017,2020,2021,19,mick_schumacher,haas,19.0,16.656259664763247,0,14.666883614666604,0,7.858926476091954,0,13.4753065,0,8.856355957746928,0,-2.622808,0,12.030205663336494,0,-4.518433167824285,0,0.5121356523775167,0,0,18
2017,2020,2021,19,ricciardo,mclaren,9.0,9.663676830915414,0,8.041924558858792,0,10.622504042968364,0,6.101737,0,9.449379875953417,0,-1.940029,0,4.18520469694744,0,-5.063206832854096,0,0.6057467545868975,0,0,19
2017,2020,2021,19,stroll,aston_martin,16.0,13.241411125091577,0,13.325437947582866,0,11.73221292938525,0,12.863787,0,9.65640402496008,0,-0.972746,0,12.50309782121427,0,-2.6499669956222545,0,0.7977469603237994,0,0,20
2017,2020,2021,20,ricciardo,mclaren,14.0,10.628881288602388,0,11.313619997099893,0,12.448186703514246,1,9.750454,0,9.71730082702058,0,-1.2237024,1,9.25175645397168,0,-2.6026106433976106,0,0.9511614016709842,1,3,12
2017,2020,2021,20,perez,red_bull,11.0,7.731930558311687,0,8.690309011111596,0,8.588022382337401,0,8.702577,0,9.130916088533334,0,-2.4127734,0,9.79441786156518,1,-7.529482548529391,0,0.6291772054409341,0,1,4
2017,2020,2021,20,ocon,alpine,9.0,10.313227757419797,0,8.997743868844386,0,12.245234137729234,0,9.923038,1,9.797734550893104,0,-3.085693,0,11.78849669628082,0,-6.0899904672510905,0,0.5572126433097647,0,1,5
2017,2020,2021,20,leclerc,ferrari,13.0,9.998696586614122,1,8.508744993204385,0,8.723556781262218,0,8.279842,0,9.143063019775372,0,-1.922448,0,7.6685734203741935,0,-5.001379191839236,0,0.6950265098902524,0,1,8
2017,2020,2021,20,vettel,aston_martin,10.0,10.395878572975459,0,10.30630476403396,1,12.160878532680668,0,8.58062,0,9.60728357923609,0,-2.0869193,0,9.675032526297205,0,-3.504916957035974,0,0.8172848595471717,0,1,10
2017,2020,2021,20,tsunoda,alphatauri,8.0,10.48024526620702,0,9.439583352205474,0,11.848098510764713,0,8.442672,0,9.850603345087325,0,-1.2275178,0,8.274368816800862,0,-2.080864851125556,1,0.9289390561803524,0,1,13
2017,2020,2021,20,stroll,aston_martin,12.0,12.642891846307275,0,11.573523551740974,0,12.291452219770896,0,11.082388,0,9.994466970940309,1,-1.4290863,0,11.822235950293381,0,-2.5756541945509785,0,0.8930761042629642,0,1,6
2017,2020,2021,20,hamilton,mercedes,1.0,1.9053157589858944,0,2.4477671311426734,0,2.259197323341687,0,1.7076104,0,5.917495172341971,0,-4.4537215,0,0.9889637673741054,0,-8.11114197411511,0,0.08296862686446307,0,0,1
2017,2020,2021,20,alonso,alpine,5.0,8.52541207654349,0,8.949504292895005,0,10.165747594059312,0,8.5127945,0,8.896390033006442,0,-2.4976203,0,7.701664295319682,0,-6.672395636948565,0,0.5866141082809601,0,0,3
2017,2020,2021,20,max_verstappen,red_bull,2.0,3.8978723331369807,0,5.388950918366728,0,3.4947521322254076,0,7.738243,0,8.421273496829134,0,-4.4867373,0,7.880365914572925,0,-6.728688152931733,0,0.18507795907392596,0,0,2
2017,2020,2021,20,norris,mclaren,6.0,8.48663409367224,0,8.300374517883068,0,9.177468904061666,0,7.6882973,0,8.960232321087858,0,-4.3047285,0,4.637285869844343,0,-7.386914293187943,0,0.26235702578863523,0,0,9
2017,2020,2021,20,sainz,ferrari,7.0,8.377252728077412,0,8.242482763307411,0,8.7196833126003,0,8.687201,0,8.942072903689564,0,-3.6808765,0,7.508624051525751,0,-7.14167630897593,0,0.3734002568030784,0,0,7
2017,2020,2021,20,gasly,alphatauri,4.0,8.062994278281717,0,7.187157335246045,0,8.295406110386851,0,5.975703,0,8.722389991413284,0,-3.289641,0,5.749020305303051,0,-6.2207289824465795,0,0.43320405310173493,0,0,11
2017,2020,2021,20,raikkonen,alfa,16.0,13.548497253469952,0,13.896586724081944,0,11.107779210478526,0,12.882932,0,9.43590508275707,0,-1.9865736,0,12.481592948309778,0,-2.400823488250107,0,0.7801734495296121,0,0,14
2017,2020,2021,20,giovinazzi,alfa,18.0,14.791783501373207,0,14.312268293720285,0,10.309314941384061,0,15.338196,0,9.049070850471585,0,-2.3528266,0,15.736584164380252,0,-4.953611982447131,0,0.6318021494658729,0,0,15
2017,2020,2021,20,mick_schumacher,haas,19.0,17.223403118024688,0,15.308506049235094,0,7.811544349959821,0,15.178459,0,8.878608384849562,0,-3.7928426,0,13.99096819494402,0,-6.504053298494001,0,0.34626749860428285,0,0,16
2017,2020,2021,20,russell,williams,15.0,14.863378008411386,0,14.15081779963192,0,10.950010320101708,0,14.262761,0,9.338604277118725,0,-1.5004368,0,14.052921918550176,0,-5.709967351208405,0,0.7632667660040335,0,0,17
2017,2020,2021,20,mazepin,haas,20.0,17.561015400132447,0,16.20176460813955,0,5.928341727583127,0,15.707047,0,8.813872010812952,0,-3.3391426,0,15.69513258296849,0,-7.151905313813932,0,0.3667693928248114,0,0,18
2017,2020,2021,20,latifi,williams,17.0,15.492845599407758,0,14.762279966752931,0,9.106781281298426,0,14.999705,0,8.65547566174651,0,-2.7268193,0,15.101028235120816,0,-6.352433659753281,0,0.5231629138224185,0,0,19
2017,2020,2021,20,bottas,mercedes,3.0,4.240825100516992,0,5.44458591642208,0,4.016278141695928,0,5.3437843,0,7.474663498298342,0,-4.969695,0,3.412153698634396,0,-8.296490774383148,0,0.046987434844358335,0,0,20
2017,2020,2021,21,ocon,alpine,9.0,10.691123142541764,0,10.397852137183836,1,11.98261885537707,0,10.118305,1,9.601137367193157,0,-1.641801,0,10.16267660237982,1,-4.14452705012184,0,0.8159563193649478,0,3,4
2017,2020,2021,21,raikkonen,alfa,12.0,11.932663213984286,0,12.992144083006531,0,11.387628618522987,0,11.480832,0,10.492429293493032,1,-0.8791288,1,12.316652418983729,0,-1.6463554117714865,0,0.9147936359402865,1,3,15
2017,2020,2021,21,tsunoda,alphatauri,8.0,10.744847292161367,0,10.514135870220938,0,12.015161097168669,1,9.384482,0,9.720640383803516,0,-1.9859023,0,11.238236777694732,0,-1.2462042475790425,1,0.7545703428597234,0,2,14
2017,2020,2021,21,ricciardo,mclaren,11.0,10.043948320466733,1,9.40608369108082,0,11.221449819702412,0,8.237276,0,9.39464256002022,0,-2.8342776,0,7.03729157608463,0,-6.36760385410592,0,0.49122360912714,0,1,5
2017,2020,2021,21,bottas,mercedes,2.0,4.337934207906951,0,5.918973391865682,0,4.679590692097399,0,4.43871,0,7.927346765469226,0,-4.1191587,0,3.400636161084062,0,-7.706160750255659,0,0.13231379568282933,0,0,3
2017,2020,2021,21,max_verstappen,red_bull,3.0,4.515449124127979,0,6.663831770875692,0,4.80624563508925,0,7.84786,0,8.096843780748708,0,-3.9227896,0,10.479680855923071,0,-9.3383185541886,0,0.21079678787296313,0,0,2
2017,2020,2021,21,hamilton,mercedes,1.0,1.1476286516873682,0,2.584028800977959,0,1.8215137538908541,0,1.7813307,0,5.824777924134731,0,-4.2836466,0,1.0053663725418114,0,-8.528143604501954,0,0.02606608360837864,0,0,1
2017,2020,2021,21,gasly,alphatauri,6.0,9.126127446259728,0,7.385297243396332,0,9.64272937350657,0,6.5671706,0,9.229502111105662,0,-1.7815882,0,4.658509075600429,0,-3.892965961607741,0,0.6719295303509243,0,0,6
2017,2020,2021,21,giovinazzi,alfa,10.0,12.361308217084872,0,12.256173630717026,0,11.386731101086529,0,12.93852,0,9.457449077843506,0,-2.3708744,0,13.046445540560756,0,-4.155217447437724,0,0.6067890861800846,0,0,9
2017,2020,2021,21,norris,mclaren,7.0,8.978829884227993,0,8.463109209194128,0,10.102727959470114,0,7.160752,0,9.228999371441981,0,-2.9935365,0,5.4267304812060155,0,-5.420408196998909,0,0.45317840035264245,0,0,10
2017,2020,2021,21,leclerc,ferrari,4.0,7.384739821291387,0,8.141032812208676,0,7.2506557245999135,0,9.344148,0,8.867449111652752,0,-2.8607922,0,9.124038136082959,0,-7.521450517788222,0,0.4424158922606597,0,0,7
2017,2020,2021,21,sainz,ferrari,15.0,10.306542158694542,0,8.136405680560083,0,8.821523191352984,0,6.9381275,0,8.677485035410172,0,-2.396472,0,6.63361215555527,0,-5.829412938738701,0,0.5294652549329188,0,0,8
2017,2020,2021,21,latifi,williams,16.0,15.14630891661091,0,14.79072404705194,0,8.876545272964519,0,13.823405,0,9.02138678146852,0,-3.4140782,0,15.182739287889019,0,-6.398225088164663,0,0.3453916901274831,0,0,12
2017,2020,2021,21,stroll,aston_martin,18.0,14.307833237609305,0,13.705904510901114,0,10.859149092976374,0,13.041451,0,9.059059714021425,0,-3.3300025,0,13.127620292053237,0,-6.2081511825716005,0,0.4008120393748446,0,0,11
2017,2020,2021,21,alonso,alpine,13.0,11.085382071249555,0,11.61772570810529,0,11.058530600499695,0,11.807297,0,10.017987966042389,0,-1.2349244,0,11.635234327134665,0,-1.5519181031019076,0,0.8569072648265436,0,0,13
2017,2020,2021,21,vettel,aston_martin,17.0,12.905581909685145,0,13.866507874299836,0,11.010049081896847,0,11.447446,0,9.46906319939482,0,-2.9301116,0,13.558521956537874,0,-4.61365475375999,0,0.4969325740630112,0,0,16
2017,2020,2021,21,perez,red_bull,5.0,5.7976459361082755,0,7.862469677698147,0,5.820956815155747,0,9.755946,0,8.759664737739989,0,-3.241426,0,9.787591867623018,0,-10.153367669850981,0,0.3517389755324335,0,0,17
2017,2020,2021,21,mazepin,haas,20.0,17.713046716538432,0,15.7279524339347,0,7.220468093227778,0,15.937398,0,9.035225305400083,0,-3.3686993,0,14.87096119010707,0,-5.837920036838153,0,0.3400033777923525,0,0,18
2017,2020,2021,21,russell,williams,14.0,14.56321441438656,0,14.404400294490552,0,10.667208846804252,0,12.689148,0,9.374837723851572,0,-2.2168515,0,14.23637549111296,0,-3.5307503935009596,0,0.6246928668888342,0,0,19
2017,2020,2021,21,mick_schumacher,haas,19.0,17.307425734968437,0,15.499757827031152,0,7.3637744955929865,0,15.174846,0,8.98583073079465,0,-3.6894765,0,14.754766610194874,0,-6.815451476469429,0,0.27242006867422347,0,0,20
2017,2020,2021,22,gasly,alphatauri,12.0,11.156008994042024,0,12.02999026445659,0,10.721997525588602,0,13.84051,0,10.439759094947792,1,-0.41118833,1,11.240112963980522,0,0.5992771136933677,1,0.9162516954223876,1,4,5
2017,2020,2021,22,tsunoda,alphatauri,8.0,10.861270359311094,0,10.286750491835328,1,12.042094696898003,0,8.858486,0,9.728845367165585,0,-1.4578692,0,9.531385873126377,1,-2.420739352785534,0,0.7662072000759034,0,2,4
2017,2020,2021,22,alonso,alpine,11.0,11.037709507862091,0,10.796636344316834,0,12.031709690552566,0,9.729262,1,9.784614857726924,0,-2.002351,0,8.87560398476254,0,-4.5663893975780505,0,0.6173947021085782,0,1,8
2017,2020,2021,22,ocon,alpine,9.0,10.320503186186093,1,10.66750083867138,0,11.651504693641554,0,12.244676,0,9.467333173300611,0,-2.0083454,0,11.936642759739991,0,-3.4930454102638517,0,0.6048059520212343,0,1,9
2017,2020,2021,22,stroll,aston_martin,13.0,12.946717993069425,0,12.661184675134734,0,14.449899439749345,1,13.668019,0,9.991502478642126,0,-0.47334465,0,13.308323384084723,0,-1.6562221222523685,0,0.8699377844528355,0,1,13
2017,2020,2021,22,sainz,ferrari,5.0,6.9359630870555655,0,8.27249988217997,0,8.226297485177161,0,7.5241265,0,8.597178467141765,0,-2.5458753,0,7.366799540644742,0,-5.637735363805523,0,0.4322995985081169,0,0,3
2017,2020,2021,22,max_verstappen,red_bull,1.0,2.0971170643530144,0,2.69547977502803,0,2.1405601378895223,0,3.7045863,0,6.058507444809577,0,-4.3946157,0,4.639288874044374,0,-7.499935095909128,0,0.023877239233832587,0,0,1
2017,2020,2021,22,hamilton,mercedes,2.0,2.6960557485931673,0,3.650212325546823,0,3.333196641578254,0,3.5981143,0,7.041552258775749,0,-4.189527,0,3.2621165800638203,0,-6.657833263871656,0,0.08672761499761843,0,0,2
2017,2020,2021,22,norris,mclaren,3.0,6.523422374942548,0,6.262334046783598,0,7.553062964538534,0,5.1183076,0,8.423658779778034,0,-2.9743237,0,4.38008061243023,0,-4.580263200216939,0,0.3597760519378545,0,0,7
2017,2020,2021,22,leclerc,ferrari,7.0,8.00515962490127,0,8.000071225842602,0,8.778565310277209,0,6.100071,0,8.803247958589395,0,-3.2514443,0,6.297222440485856,0,-6.649652354572212,0,0.3143150511077176,0,0,10
2017,2020,2021,22,vettel,aston_martin,15.0,12.907020306400904,0,13.627832379573238,0,11.921558572897274,0,14.267205,0,9.525815753063968,0,-2.3722396,0,14.020529451885594,0,-2.884494673565813,0,0.5440103583050467,0,0,11
2017,2020,2021,22,bottas,mercedes,6.0,5.563481832810934,0,5.748207809246586,0,5.557495126984621,0,4.284186,0,8.391393280939074,0,-4.5124536,0,5.529942839455338,0,-6.645099875869601,0,0.09168978582764849,0,0,6
2017,2020,2021,22,ricciardo,mclaren,10.0,9.596612513468207,0,8.635513475589015,0,11.381176361606043,0,7.586806,0,9.381529901074607,0,-2.16289,0,5.673796404411913,0,-3.319076553427222,0,0.5558416437073606,0,0,12
2017,2020,2021,22,mick_schumacher,haas,19.0,17.93100871383409,0,15.371916158856783,0,7.558564816685172,0,15.033814,0,9.10880013724666,0,-3.8379145,0,14.449318544120015,0,-6.15440807247621,0,0.22531003990016968,0,0,14
2017,2020,2021,22,perez,red_bull,4.0,5.169258061217963,0,6.588136661940951,0,5.35352509020011,0,5.3357854,0,8.321534396704829,0,-4.3871503,0,9.419944507071907,0,-7.324864132591557,0,0.17195034003518814,0,0,15
2017,2020,2021,22,latifi,williams,16.0,15.607832767134282,0,14.878500683616112,0,9.143120631415822,0,14.769271,0,8.953018689605727,0,-3.7453969,0,14.507792680842241,0,-7.651749472243526,0,0.2286359516487732,0,0,16
2017,2020,2021,22,giovinazzi,alfa,14.0,14.022578354390358,0,13.665212391294512,0,11.806279687854936,0,13.269976,0,10.421606432738807,0,-0.7063577,0,12.273784809867246,0,-1.5362408332266957,0,0.8262056918421115,0,0,17
2017,2020,2021,22,russell,williams,17.0,15.744579462199102,0,14.68716454106201,0,10.241692994643786,0,14.2168455,0,8.893721357473424,0,-3.4428787,0,14.984716959497966,0,-7.152493095131336,0,0.2890371277764173,0,0,18
2017,2020,2021,22,raikkonen,alfa,18.0,14.821535971708517,0,13.811686561839657,0,10.982844084619291,0,12.807442,0,9.134030928849636,0,-3.272258,0,12.2794793477947,0,-4.357713692355008,0,0.3962062004002278,0,0,19
2017,2020,2021,22,mazepin,haas,20.0,18.13980385793233,0,15.990481767693165,0,5.918265768217768,0,16.583733,0,8.981381848838804,0,-3.8562198,0,14.857118508786199,0,-6.056433678477837,0,0.2018286650695909,0,0,20
