circuit_id,year,collision_dnf_rate,n_starts
albert_park,2010,0.041666666666666664,24
albert_park,2011,0.08333333333333333,24
albert_park,2012,0.041666666666666664,24
albert_park,2013,0.045454545454545456,22
albert_park,2014,0.0,22
albert_park,2015,0.0,18
albert_park,2016,0.09090909090909091,22
albert_park,2017,0.0,20
albert_park,2018,0.0,20
albert_park,2019,0.05,20
albert_park,2022,0.05,20
albert_park,2023,0.05,20
albert_park,2024,0.0,19
americas,2012,0.0,24
americas,2013,0.0,22
americas,2014,0.0,18
americas,2015,0.3,20
americas,2016,0.0,22
americas,2017,0.05,20
americas,2018,0.05,20
americas,2019,0.0,20
americas,2021,0.0,20
americas,2022,0.1,20
americas,2023,0.05,20
americas,2024,0.0,20
bahrain,2010,0.0,24
bahrain,2012,0.0,24
bahrain,2013,0.0,22
bahrain,2014,0.18181818181818182,22
bahrain,2015,0.0,20
bahrain,2016,0.09090909090909091,22
bahrain,2017,0.1,20
bahrain,2018,0.0,20
bahrain,2019,0.1,20
bahrain,2020,0.0,40
bahrain,2021,0.0,20
bahrain,2022,0.0,20
bahrain,2023,0.0,20
bahrain,2024,0.0,20
baku,2016,0.0,22
baku,2017,0.05,20
baku,2018,0.2,20
baku,2019,0.1,20
baku,2021,0.1,20
baku,2022,0.0,20
baku,2023,0.05,20
baku,2024,0.05,20
catalunya,2010,0.041666666666666664,24
catalunya,2011,0.041666666666666664,24
catalunya,2012,0.08333333333333333,24
catalunya,2013,0.0,22
catalunya,2014,0.0,22
catalunya,2015,0.05,20
catalunya,2016,0.0,22
catalunya,2017,0.05,20
catalunya,2018,0.0,20
catalunya,2019,0.1,20
catalunya,2020,0.0,20
catalunya,2021,0.0,20
catalunya,2022,0.0,20
catalunya,2023,0.0,20
catalunya,2024,0.0,20
hockenheimring,2010,0.041666666666666664,24
hockenheimring,2012,0.0,24
hockenheimring,2014,0.0,22
hockenheimring,2016,0.0,22
hockenheimring,2018,0.05,20
hockenheimring,2019,0.15,20
hungaroring,2010,0.08333333333333333,24
hungaroring,2011,0.0,24
hungaroring,2012,0.0,24
hungaroring,2013,0.0,22
hungaroring,2014,0.2727272727272727,22
hungaroring,2015,0.0,20
hungaroring,2016,0.0,22
hungaroring,2017,0.0,20
hungaroring,2018,0.0,20
hungaroring,2019,0.0,20
hungaroring,2020,0.0,20
hungaroring,2021,0.0,20
hungaroring,2022,0.0,20
hungaroring,2023,0.05,20
hungaroring,2024,0.0,20
imola,2020,0.05,20
imola,2021,0.1,20
imola,2022,0.05,20
imola,2024,0.05,20
interlagos,2010,0.041666666666666664,24
interlagos,2011,0.125,24
interlagos,2012,0.08333333333333333,24
interlagos,2013,0.045454545454545456,22
interlagos,2014,0.0,18
interlagos,2015,0.0,20
interlagos,2016,0.22727272727272727,22
interlagos,2017,0.0,20
interlagos,2018,0.05,20
interlagos,2019,0.0,20
interlagos,2021,0.05,20
interlagos,2022,0.0,20
interlagos,2023,0.0,20
interlagos,2024,0.1,20
istanbul,2010,0.041666666666666664,24
istanbul,2011,0.041666666666666664,24
istanbul,2020,0.1,20
istanbul,2021,0.0,20
jeddah,2021,0.25,20
jeddah,2022,0.05,20
jeddah,2023,0.0,20
jeddah,2024,0.05,20
losail,2021,0.05,20
losail,2023,0.0,20
losail,2024,0.15,20
marina_bay,2010,0.16666666666666666,24
marina_bay,2011,0.125,24
marina_bay,2012,0.125,24
marina_bay,2013,0.045454545454545456,22
marina_bay,2014,0.045454545454545456,22
marina_bay,2015,0.05,20
marina_bay,2016,0.0,22
marina_bay,2017,0.15,20
marina_bay,2018,0.0,20
marina_bay,2019,0.1,20
marina_bay,2022,0.2,20
marina_bay,2023,0.0,20
marina_bay,2024,0.0,20
miami,2022,0.05,20
miami,2023,0.0,20
miami,2024,0.05,20
monaco,2010,0.0,24
monaco,2011,0.125,24
monaco,2012,0.125,24
monaco,2013,0.18181818181818182,22
monaco,2014,0.09090909090909091,22
monaco,2015,0.05,20
monaco,2016,0.3181818181818182,22
monaco,2017,0.2,20
monaco,2018,0.1,20
monaco,2019,0.05,20
monaco,2021,0.0,20
monaco,2022,0.05,20
monaco,2023,0.1,20
monaco,2024,0.0,20
monza,2010,0.041666666666666664,24
monza,2011,0.041666666666666664,24
monza,2012,0.0,24
monza,2013,0.0,22
monza,2014,0.045454545454545456,22
monza,2015,0.0,20
monza,2016,0.09090909090909091,22
monza,2017,0.0,20
monza,2018,0.0,20
monza,2019,0.0,20
monza,2020,0.05,20
monza,2021,0.1,20
monza,2022,0.0,20
monza,2023,0.0,20
monza,2024,0.0,20
mugello,2020,0.2,20
nurburgring,2011,0.041666666666666664,24
nurburgring,2013,0.0,22
nurburgring,2020,0.05,20
portimao,2020,0.05,20
portimao,2021,0.0,20
red_bull_ring,2014,0.0,22
red_bull_ring,2015,0.05,20
red_bull_ring,2016,0.0,22
red_bull_ring,2017,0.0,20
red_bull_ring,2018,0.0,20
red_bull_ring,2019,0.0,20
red_bull_ring,2020,0.025,40
red_bull_ring,2021,0.0,40
red_bull_ring,2022,0.05,20
red_bull_ring,2023,0.0,20
red_bull_ring,2024,0.0,20
ricard,2018,0.0,20
ricard,2019,0.0,20
ricard,2021,0.0,20
ricard,2022,0.15,20
rodriguez,2015,0.1,20
rodriguez,2016,0.0,22
rodriguez,2017,0.0,20
rodriguez,2018,0.0,20
rodriguez,2019,0.0,20
rodriguez,2021,0.0,20
rodriguez,2022,0.05,20
rodriguez,2023,0.05,20
rodriguez,2024,0.0,20
sepang,2010,0.0,24
sepang,2011,0.08333333333333333,24
sepang,2012,0.041666666666666664,24
sepang,2013,0.045454545454545456,22
sepang,2014,0.0,22
sepang,2015,0.05,20
sepang,2016,0.0,22
sepang,2017,0.0,20
shanghai,2010,0.0,24
shanghai,2011,0.0,24
shanghai,2012,0.0,24
shanghai,2013,0.09090909090909091,22
shanghai,2014,0.0,22
shanghai,2015,0.0,20
shanghai,2016,0.0,22
shanghai,2017,0.0,20
shanghai,2018,0.0,20
shanghai,2019,0.05,20
shanghai,2024,0.15,20
silverstone,2010,0.041666666666666664,24
silverstone,2011,0.041666666666666664,24
silverstone,2012,0.041666666666666664,24
silverstone,2013,0.0,22
silverstone,2014,0.045454545454545456,22
silverstone,2015,0.0,20
silverstone,2016,0.13636363636363635,22
silverstone,2017,0.0,20
silverstone,2018,0.15,20
silverstone,2019,0.15,20
silverstone,2020,0.05,40
silverstone,2021,0.05,20
silverstone,2022,0.05,20
silverstone,2023,0.0,20
silverstone,2024,0.0,20
sochi,2014,0.0,21
sochi,2015,0.05,20
sochi,2016,0.0,22
sochi,2017,0.0,20
sochi,2018,0.0,20
sochi,2019,0.05,20
sochi,2020,0.0,20
sochi,2021,0.0,20
spa,2010,0.125,24
spa,2011,0.041666666666666664,24
spa,2012,0.08333333333333333,24
spa,2013,0.045454545454545456,22
spa,2014,0.09090909090909091,22
spa,2015,0.0,20
spa,2016,0.045454545454545456,22
spa,2017,0.0,20
spa,2018,0.05,20
spa,2019,0.0,20
spa,2020,0.05,20
spa,2021,0.0,20
spa,2022,0.0,20
spa,2023,0.05,20
spa,2024,0.05,20
suzuka,2010,0.0,24
suzuka,2011,0.0,24
suzuka,2012,0.041666666666666664,24
suzuka,2013,0.0,22
suzuka,2014,0.045454545454545456,22
suzuka,2015,0.05,20
suzuka,2016,0.0,22
suzuka,2017,0.05,20
suzuka,2018,0.05,20
suzuka,2019,0.0,20
suzuka,2022,0.0,20
suzuka,2023,0.2,20
suzuka,2024,0.0,20
vegas,2023,0.0,20
vegas,2024,0.0,20
villeneuve,2010,0.0,24
villeneuve,2011,0.20833333333333334,24
villeneuve,2012,0.0,24
villeneuve,2013,0.09090909090909091,22
villeneuve,2014,0.0,22
villeneuve,2015,0.1,20
villeneuve,2016,0.09090909090909091,22
villeneuve,2017,0.0,20
villeneuve,2018,0.0,20
villeneuve,2019,0.05,20
villeneuve,2022,0.05,20
villeneuve,2023,0.0,20
villeneuve,2024,0.2,20
yas_marina,2010,0.0,24
yas_marina,2011,0.0,24
yas_marina,2012,0.20833333333333334,24
yas_marina,2013,0.0,22
yas_marina,2014,0.05,20
yas_marina,2015,0.0,20
yas_marina,2016,0.045454545454545456,22
yas_marina,2017,0.0,20
yas_marina,2018,0.0,20
yas_marina,2019,0.0,20
yas_marina,2020,0.0,20
yas_marina,2021,0.05,20
yas_marina,2022,0.0,20
yas_marina,2023,0.0,20
yas_marina,2024,0.05,20
zandvoort,2021,0.0,20
zandvoort,2022,0.0,20
zandvoort,2023,0.1,20
zandvoort,2024,0.0,20
