cv_year,train_start,train_end,round,model,picked,actual_pos,fantasy_pts
2014,2010,2013,1,ridge,ricciardo,20,0
2014,2010,2013,1,rf_reg,massa,20,0
2014,2010,2013,1,rf_clf,sutil,11,18
2014,2010,2013,1,xgb_reg,vettel,18,2
2014,2010,2013,1,xgb_clf,bottas,5,8
2014,2010,2013,1,xgb_ranker,sutil,11,18
2014,2010,2013,1,lgb_reg,bottas,5,8
2014,2010,2013,1,ensemble,bottas,5,8
2014,2010,2013,2,ridge,button,6,10
2014,2010,2013,2,rf_reg,kvyat,10,25
2014,2010,2013,2,rf_clf,perez,20,0
2014,2010,2013,2,xgb_reg,massa,7,12
2014,2010,2013,2,xgb_clf,massa,7,12
2014,2010,2013,2,xgb_ranker,sutil,18,2
2014,2010,2013,2,lgb_reg,massa,7,12
2014,2010,2013,2,ensemble,massa,7,12
2014,2010,2013,3,ridge,bottas,8,15
2014,2010,2013,3,rf_reg,perez,3,4
2014,2010,2013,3,rf_clf,vergne,20,0
2014,2010,2013,3,xgb_reg,bottas,8,15
2014,2010,2013,3,xgb_clf,alonso,9,18
2014,2010,2013,3,xgb_ranker,gutierrez,19,1
2014,2010,2013,3,lgb_reg,perez,3,4
2014,2010,2013,3,ensemble,massa,7,12
2014,2010,2013,4,ridge,hulkenberg,6,10
2014,2010,2013,4,rf_reg,raikkonen,8,15
2014,2010,2013,4,rf_clf,vergne,12,15
2014,2010,2013,4,xgb_reg,ricciardo,4,6
2014,2010,2013,4,xgb_clf,button,11,18
2014,2010,2013,4,xgb_ranker,grosjean,20,0
2014,2010,2013,4,lgb_reg,ricciardo,4,6
2014,2010,2013,4,ensemble,button,11,18
2014,2010,2013,5,ridge,perez,9,18
2014,2010,2013,5,rf_reg,kevin_magnussen,12,15
2014,2010,2013,5,rf_clf,kevin_magnussen,12,15
2014,2010,2013,5,xgb_reg,button,11,18
2014,2010,2013,5,xgb_clf,kevin_magnussen,12,15
2014,2010,2013,5,xgb_ranker,kevin_magnussen,12,15
2014,2010,2013,5,lgb_reg,button,11,18
2014,2010,2013,5,ensemble,kevin_magnussen,12,15
2014,2010,2013,6,ridge,kvyat,19,1
2014,2010,2013,6,rf_reg,raikkonen,12,15
2014,2010,2013,6,rf_clf,button,6,10
2014,2010,2013,6,xgb_reg,button,6,10
2014,2010,2013,6,xgb_clf,button,6,10
2014,2010,2013,6,xgb_ranker,bottas,16,6
2014,2010,2013,6,lgb_reg,kevin_magnussen,10,25
2014,2010,2013,6,ensemble,button,6,10
2014,2010,2013,7,ridge,button,4,6
2014,2010,2013,7,rf_reg,button,4,6
2014,2010,2013,7,rf_clf,grosjean,15,8
2014,2010,2013,7,xgb_reg,ricciardo,1,1
2014,2010,2013,7,xgb_clf,grosjean,15,8
2014,2010,2013,7,xgb_ranker,perez,11,18
2014,2010,2013,7,lgb_reg,kevin_magnussen,9,18
2014,2010,2013,7,ensemble,kevin_magnussen,9,18
2014,2010,2013,8,ridge,button,11,18
2014,2010,2013,8,rf_reg,kevin_magnussen,7,12
2014,2010,2013,8,rf_clf,grosjean,14,10
2014,2010,2013,8,xgb_reg,perez,6,10
2014,2010,2013,8,xgb_clf,grosjean,14,10
2014,2010,2013,8,xgb_ranker,maldonado,12,15
2014,2010,2013,8,lgb_reg,maldonado,12,15
2014,2010,2013,8,ensemble,button,11,18
2014,2010,2013,9,ridge,perez,11,18
2014,2010,2013,9,rf_reg,massa,20,0
2014,2010,2013,9,rf_clf,grosjean,12,15
2014,2010,2013,9,xgb_reg,massa,20,0
2014,2010,2013,9,xgb_clf,vergne,10,25
2014,2010,2013,9,xgb_ranker,vergne,10,25
2014,2010,2013,9,lgb_reg,massa,20,0
2014,2010,2013,9,ensemble,vergne,10,25
2014,2010,2013,10,ridge,bottas,2,2
2014,2010,2013,10,rf_reg,bottas,2,2
2014,2010,2013,10,rf_clf,bottas,2,2
2014,2010,2013,10,xgb_reg,bottas,2,2
2014,2010,2013,10,xgb_clf,bottas,2,2
2014,2010,2013,10,xgb_ranker,rosberg,1,1
2014,2010,2013,10,lgb_reg,bottas,2,2
2014,2010,2013,10,ensemble,bottas,2,2
2014,2010,2013,11,ridge,raikkonen,6,10
2014,2010,2013,11,rf_reg,ricciardo,1,1
2014,2010,2013,11,rf_clf,grosjean,20,0
2014,2010,2013,11,xgb_reg,raikkonen,6,10
2014,2010,2013,11,xgb_clf,grosjean,20,0
2014,2010,2013,11,xgb_ranker,maldonado,13,12
2014,2010,2013,11,lgb_reg,alonso,2,2
2014,2010,2013,11,ensemble,grosjean,20,0
2014,2010,2013,12,ridge,perez,8,15
2014,2010,2013,12,rf_reg,massa,13,12
2014,2010,2013,12,rf_clf,vergne,11,18
2014,2010,2013,12,xgb_reg,button,6,10
2014,2010,2013,12,xgb_clf,grosjean,20,0
2014,2010,2013,12,xgb_ranker,sutil,14,10
2014,2010,2013,12,lgb_reg,button,6,10
2014,2010,2013,12,ensemble,grosjean,20,0
2014,2010,2013,13,ridge,raikkonen,9,18
2014,2010,2013,13,rf_reg,raikkonen,9,18
2014,2010,2013,13,rf_clf,vergne,13,12
2014,2010,2013,13,xgb_reg,alonso,20,0
2014,2010,2013,13,xgb_clf,sutil,15,8
2014,2010,2013,13,xgb_ranker,sutil,15,8
2014,2010,2013,13,lgb_reg,maldonado,14,10
2014,2010,2013,13,ensemble,maldonado,14,10
2014,2010,2013,14,ridge,kevin_magnussen,10,25
2014,2010,2013,14,rf_reg,kvyat,14,10
2014,2010,2013,14,rf_clf,vergne,6,10
2014,2010,2013,14,xgb_reg,vergne,6,10
2014,2010,2013,14,xgb_clf,vergne,6,10
2014,2010,2013,14,xgb_ranker,grosjean,13,12
2014,2010,2013,14,lgb_reg,raikkonen,8,15
2014,2010,2013,14,ensemble,vergne,6,10
2014,2010,2013,15,ridge,kevin_magnussen,14,10
2014,2010,2013,15,rf_reg,raikkonen,12,15
2014,2010,2013,15,rf_clf,vergne,9,18
2014,2010,2013,15,xgb_reg,vettel,3,4
2014,2010,2013,15,xgb_clf,maldonado,16,6
2014,2010,2013,15,xgb_ranker,grosjean,15,8
2014,2010,2013,15,lgb_reg,kevin_magnussen,14,10
2014,2010,2013,15,ensemble,kevin_magnussen,14,10
2014,2010,2013,16,ridge,kevin_magnussen,5,8
2014,2010,2013,16,rf_reg,massa,11,18
2014,2010,2013,16,rf_clf,vergne,13,12
2014,2010,2013,16,xgb_reg,bottas,3,4
2014,2010,2013,16,xgb_clf,massa,11,18
2014,2010,2013,16,xgb_ranker,massa,11,18
2014,2010,2013,16,lgb_reg,kevin_magnussen,5,8
2014,2010,2013,16,ensemble,massa,11,18
2014,2010,2013,17,ridge,kevin_magnussen,8,15
2014,2010,2013,17,rf_reg,raikkonen,13,12
2014,2010,2013,17,rf_clf,vergne,10,25
2014,2010,2013,17,xgb_reg,ricciardo,3,4
2014,2010,2013,17,xgb_clf,grosjean,11,18
2014,2010,2013,17,xgb_ranker,grosjean,11,18
2014,2010,2013,17,lgb_reg,kevin_magnussen,8,15
2014,2010,2013,17,ensemble,kevin_magnussen,8,15
2014,2010,2013,18,ridge,raikkonen,7,12
2014,2010,2013,18,rf_reg,raikkonen,7,12
2014,2010,2013,18,rf_clf,vergne,13,12
2014,2010,2013,18,xgb_reg,kevin_magnussen,9,18
2014,2010,2013,18,xgb_clf,kvyat,11,18
2014,2010,2013,18,xgb_ranker,sutil,16,6
2014,2010,2013,18,lgb_reg,button,4,6
2014,2010,2013,18,ensemble,grosjean,17,4
2014,2010,2013,19,ridge,kevin_magnussen,11,18
2014,2010,2013,19,rf_reg,raikkonen,10,25
2014,2010,2013,19,rf_clf,vergne,12,15
2014,2010,2013,19,xgb_reg,perez,7,12
2014,2010,2013,19,xgb_clf,vergne,12,15
2014,2010,2013,19,xgb_ranker,grosjean,13,12
2014,2010,2013,19,lgb_reg,ricciardo,4,6
2014,2010,2013,19,ensemble,perez,7,12
2015,2011,2014,1,ridge,raikkonen,12,15
2015,2011,2014,1,rf_reg,ricciardo,6,10
2015,2011,2014,1,rf_clf,perez,10,25
2015,2011,2014,1,xgb_reg,ricciardo,6,10
2015,2011,2014,1,xgb_clf,max_verstappen,13,12
2015,2011,2014,1,xgb_ranker,kvyat,16,6
2015,2011,2014,1,lgb_reg,kvyat,16,6
2015,2011,2014,1,ensemble,kvyat,16,6
2015,2011,2014,2,ridge,nasr,12,15
2015,2011,2014,2,rf_reg,bottas,5,8
2015,2011,2014,2,rf_clf,sainz,8,15
2015,2011,2014,2,xgb_reg,raikkonen,4,6
2015,2011,2014,2,xgb_clf,sainz,8,15
2015,2011,2014,2,xgb_ranker,sainz,8,15
2015,2011,2014,2,lgb_reg,bottas,5,8
2015,2011,2014,2,ensemble,sainz,8,15
2015,2011,2014,3,ridge,nasr,8,15
2015,2011,2014,3,rf_reg,ricciardo,9,18
2015,2011,2014,3,rf_clf,sainz,13,12
2015,2011,2014,3,xgb_reg,ericsson,10,25
2015,2011,2014,3,xgb_clf,max_verstappen,17,4
2015,2011,2014,3,xgb_ranker,max_verstappen,17,4
2015,2011,2014,3,lgb_reg,ricciardo,9,18
2015,2011,2014,3,ensemble,max_verstappen,17,4
2015,2011,2014,4,ridge,hulkenberg,13,12
2015,2011,2014,4,rf_reg,ricciardo,6,10
2015,2011,2014,4,rf_clf,max_verstappen,18,2
2015,2011,2014,4,xgb_reg,grosjean,7,12
2015,2011,2014,4,xgb_clf,sainz,19,1
2015,2011,2014,4,xgb_ranker,grosjean,7,12
2015,2011,2014,4,lgb_reg,sainz,19,1
2015,2011,2014,4,ensemble,sainz,19,1
2015,2011,2014,5,ridge,max_verstappen,11,18
2015,2011,2014,5,rf_reg,sainz,9,18
2015,2011,2014,5,rf_clf,perez,13,12
2015,2011,2014,5,xgb_reg,kvyat,10,25
2015,2011,2014,5,xgb_clf,max_verstappen,11,18
2015,2011,2014,5,xgb_ranker,max_verstappen,11,18
2015,2011,2014,5,lgb_reg,raikkonen,5,8
2015,2011,2014,5,ensemble,max_verstappen,11,18
2015,2011,2014,6,ridge,vettel,2,2
2015,2011,2014,6,rf_reg,rosberg,1,1
2015,2011,2014,6,rf_clf,vettel,2,2
2015,2011,2014,6,xgb_reg,rosberg,1,1
2015,2011,2014,6,xgb_clf,vettel,2,2
2015,2011,2014,6,xgb_ranker,vettel,2,2
2015,2011,2014,6,lgb_reg,rosberg,1,1
2015,2011,2014,6,ensemble,vettel,2,2
2015,2011,2014,7,ridge,maldonado,7,12
2015,2011,2014,7,rf_reg,massa,6,10
2015,2011,2014,7,rf_clf,sainz,12,15
2015,2011,2014,7,xgb_reg,sainz,12,15
2015,2011,2014,7,xgb_clf,kvyat,9,18
2015,2011,2014,7,xgb_ranker,kvyat,9,18
2015,2011,2014,7,lgb_reg,maldonado,7,12
2015,2011,2014,7,ensemble,kvyat,9,18
2015,2011,2014,8,ridge,ricciardo,10,25
2015,2011,2014,8,rf_reg,hulkenberg,6,10
2015,2011,2014,8,rf_clf,sainz,16,6
2015,2011,2014,8,xgb_reg,maldonado,7,12
2015,2011,2014,8,xgb_clf,maldonado,7,12
2015,2011,2014,8,xgb_ranker,kvyat,12,15
2015,2011,2014,8,lgb_reg,kvyat,12,15
2015,2011,2014,8,ensemble,kvyat,12,15
2015,2011,2014,9,ridge,ricciardo,15,8
2015,2011,2014,9,rf_reg,ricciardo,15,8
2015,2011,2014,9,rf_clf,grosjean,17,4
2015,2011,2014,9,xgb_reg,hulkenberg,7,12
2015,2011,2014,9,xgb_clf,grosjean,17,4
2015,2011,2014,9,xgb_ranker,ricciardo,15,8
2015,2011,2014,9,lgb_reg,hulkenberg,7,12
2015,2011,2014,9,ensemble,grosjean,17,4
2015,2011,2014,10,ridge,kvyat,2,2
2015,2011,2014,10,rf_reg,kvyat,2,2
2015,2011,2014,10,rf_clf,maldonado,14,10
2015,2011,2014,10,xgb_reg,kvyat,2,2
2015,2011,2014,10,xgb_clf,maldonado,14,10
2015,2011,2014,10,xgb_ranker,sainz,17,4
2015,2011,2014,10,lgb_reg,bottas,13,12
2015,2011,2014,10,ensemble,kvyat,2,2
2015,2011,2014,11,ridge,rosberg,2,2
2015,2011,2014,11,rf_reg,rosberg,2,2
2015,2011,2014,11,rf_clf,rosberg,2,2
2015,2011,2014,11,xgb_reg,rosberg,2,2
2015,2011,2014,11,xgb_clf,rosberg,2,2
2015,2011,2014,11,xgb_ranker,rosberg,2,2
2015,2011,2014,11,lgb_reg,rosberg,2,2
2015,2011,2014,11,ensemble,rosberg,2,2
2015,2011,2014,12,ridge,grosjean,19,1
2015,2011,2014,12,rf_reg,hulkenberg,7,12
2015,2011,2014,12,rf_clf,ericsson,9,18
2015,2011,2014,12,xgb_reg,maldonado,20,0
2015,2011,2014,12,xgb_clf,maldonado,20,0
2015,2011,2014,12,xgb_ranker,maldonado,20,0
2015,2011,2014,12,lgb_reg,rosberg,17,4
2015,2011,2014,12,ensemble,maldonado,20,0
2015,2011,2014,13,ridge,max_verstappen,8,15
2015,2011,2014,13,rf_reg,grosjean,13,12
2015,2011,2014,13,rf_clf,grosjean,13,12
2015,2011,2014,13,xgb_reg,hamilton,18,2
2015,2011,2014,13,xgb_clf,maldonado,12,15
2015,2011,2014,13,xgb_ranker,alonso,17,4
2015,2011,2014,13,lgb_reg,maldonado,12,15
2015,2011,2014,13,ensemble,maldonado,12,15
2015,2011,2014,14,ridge,perez,12,15
2015,2011,2014,14,rf_reg,kvyat,13,12
2015,2011,2014,14,rf_clf,ericsson,14,10
2015,2011,2014,14,xgb_reg,maldonado,8,15
2015,2011,2014,14,xgb_clf,maldonado,8,15
2015,2011,2014,14,xgb_ranker,hulkenberg,6,10
2015,2011,2014,14,lgb_reg,raikkonen,4,6
2015,2011,2014,14,ensemble,maldonado,8,15
2015,2011,2014,15,ridge,kvyat,5,8
2015,2011,2014,15,rf_reg,ricciardo,15,8
2015,2011,2014,15,rf_clf,max_verstappen,10,25
2015,2011,2014,15,xgb_reg,kvyat,5,8
2015,2011,2014,15,xgb_clf,button,9,18
2015,2011,2014,15,xgb_ranker,maldonado,7,12
2015,2011,2014,15,lgb_reg,kvyat,5,8
2015,2011,2014,15,ensemble,ricciardo,15,8
2015,2011,2014,16,ridge,rosberg,2,2
2015,2011,2014,16,rf_reg,hamilton,1,1
2015,2011,2014,16,rf_clf,rosberg,2,2
2015,2011,2014,16,xgb_reg,hamilton,1,1
2015,2011,2014,16,xgb_clf,hamilton,1,1
2015,2011,2014,16,xgb_ranker,rosberg,2,2
2015,2011,2014,16,lgb_reg,hamilton,1,1
2015,2011,2014,16,ensemble,hamilton,1,1
2015,2011,2014,17,ridge,max_verstappen,9,18
2015,2011,2014,17,rf_reg,hulkenberg,7,12
2015,2011,2014,17,rf_clf,maldonado,11,18
2015,2011,2014,17,xgb_reg,sainz,13,12
2015,2011,2014,17,xgb_clf,maldonado,11,18
2015,2011,2014,17,xgb_ranker,hulkenberg,7,12
2015,2011,2014,17,lgb_reg,massa,6,10
2015,2011,2014,17,ensemble,sainz,13,12
2015,2011,2014,18,ridge,perez,12,15
2015,2011,2014,18,rf_reg,kvyat,7,12
2015,2011,2014,18,rf_clf,nasr,13,12
2015,2011,2014,18,xgb_reg,hulkenberg,6,10
2015,2011,2014,18,xgb_clf,nasr,13,12
2015,2011,2014,18,xgb_ranker,nasr,13,12
2015,2011,2014,18,lgb_reg,hulkenberg,6,10
2015,2011,2014,18,ensemble,nasr,13,12
2015,2011,2014,19,ridge,hulkenberg,7,12
2015,2011,2014,19,rf_reg,kvyat,10,25
2015,2011,2014,19,rf_clf,nasr,15,8
2015,2011,2014,19,xgb_reg,ricciardo,6,10
2015,2011,2014,19,xgb_clf,button,12,15
2015,2011,2014,19,xgb_ranker,sainz,11,18
2015,2011,2014,19,lgb_reg,ricciardo,6,10
2015,2011,2014,19,ensemble,button,12,15
2016,2012,2015,1,ridge,massa,5,8
2016,2012,2015,1,rf_reg,massa,5,8
2016,2012,2015,1,rf_clf,hulkenberg,7,12
2016,2012,2015,1,xgb_reg,perez,13,12
2016,2012,2015,1,xgb_clf,sainz,9,18
2016,2012,2015,1,xgb_ranker,sainz,9,18
2016,2012,2015,1,lgb_reg,max_verstappen,10,25
2016,2012,2015,1,ensemble,max_verstappen,10,25
2016,2012,2015,2,ridge,hulkenberg,15,8
2016,2012,2015,2,rf_reg,massa,8,15
2016,2012,2015,2,rf_clf,kvyat,7,12
2016,2012,2015,2,xgb_reg,ricciardo,4,6
2016,2012,2015,2,xgb_clf,kvyat,7,12
2016,2012,2015,2,xgb_ranker,kvyat,7,12
2016,2012,2015,2,lgb_reg,kvyat,7,12
2016,2012,2015,2,ensemble,kvyat,7,12
2016,2012,2015,3,ridge,massa,6,10
2016,2012,2015,3,rf_reg,kvyat,3,4
2016,2012,2015,3,rf_clf,max_verstappen,8,15
2016,2012,2015,3,xgb_reg,max_verstappen,8,15
2016,2012,2015,3,xgb_clf,max_verstappen,8,15
2016,2012,2015,3,xgb_ranker,kvyat,3,4
2016,2012,2015,3,lgb_reg,hamilton,7,12
2016,2012,2015,3,ensemble,max_verstappen,8,15
2016,2012,2015,4,ridge,kvyat,15,8
2016,2012,2015,4,rf_reg,perez,9,18
2016,2012,2015,4,rf_clf,sainz,12,15
2016,2012,2015,4,xgb_reg,massa,5,8
2016,2012,2015,4,xgb_clf,sainz,12,15
2016,2012,2015,4,xgb_ranker,kvyat,15,8
2016,2012,2015,4,lgb_reg,perez,9,18
2016,2012,2015,4,ensemble,perez,9,18
2016,2012,2015,5,ridge,kvyat,10,25
2016,2012,2015,5,rf_reg,kvyat,10,25
2016,2012,2015,5,rf_clf,sainz,6,10
2016,2012,2015,5,xgb_reg,perez,7,12
2016,2012,2015,5,xgb_clf,bottas,5,8
2016,2012,2015,5,xgb_ranker,kvyat,10,25
2016,2012,2015,5,lgb_reg,bottas,5,8
2016,2012,2015,5,ensemble,kvyat,10,25
2016,2012,2015,6,ridge,bottas,12,15
2016,2012,2015,6,rf_reg,hulkenberg,6,10
2016,2012,2015,6,rf_clf,grosjean,13,12
2016,2012,2015,6,xgb_reg,alonso,5,8
2016,2012,2015,6,xgb_clf,sainz,8,15
2016,2012,2015,6,xgb_ranker,grosjean,13,12
2016,2012,2015,6,lgb_reg,bottas,12,15
2016,2012,2015,6,ensemble,hulkenberg,6,10
2016,2012,2015,7,ridge,perez,10,25
2016,2012,2015,7,rf_reg,hulkenberg,8,15
2016,2012,2015,7,rf_clf,sainz,9,18
2016,2012,2015,7,xgb_reg,sainz,9,18
2016,2012,2015,7,xgb_clf,sainz,9,18
2016,2012,2015,7,xgb_ranker,kvyat,12,15
2016,2012,2015,7,lgb_reg,massa,20,0
2016,2012,2015,7,ensemble,sainz,9,18
2016,2012,2015,8,ridge,kvyat,20,0
2016,2012,2015,8,rf_reg,bottas,6,10
2016,2012,2015,8,rf_clf,sainz,20,0
2016,2012,2015,8,xgb_reg,kvyat,20,0
2016,2012,2015,8,xgb_clf,bottas,6,10
2016,2012,2015,8,xgb_ranker,kvyat,20,0
2016,2012,2015,8,lgb_reg,raikkonen,4,6
2016,2012,2015,8,ensemble,kvyat,20,0
2016,2012,2015,9,ridge,massa,20,0
2016,2012,2015,9,rf_reg,massa,20,0
2016,2012,2015,9,rf_clf,sainz,8,15
2016,2012,2015,9,xgb_reg,hulkenberg,19,1
2016,2012,2015,9,xgb_clf,kvyat,20,0
2016,2012,2015,9,xgb_ranker,grosjean,7,12
2016,2012,2015,9,lgb_reg,gutierrez,11,18
2016,2012,2015,9,ensemble,gutierrez,11,18
2016,2012,2015,10,ridge,max_verstappen,2,2
2016,2012,2015,10,rf_reg,max_verstappen,2,2
2016,2012,2015,10,rf_clf,max_verstappen,2,2
2016,2012,2015,10,xgb_reg,max_verstappen,2,2
2016,2012,2015,10,xgb_clf,max_verstappen,2,2
2016,2012,2015,10,xgb_ranker,max_verstappen,2,2
2016,2012,2015,10,lgb_reg,hamilton,1,1
2016,2012,2015,10,ensemble,max_verstappen,2,2
2016,2012,2015,11,ridge,perez,11,18
2016,2012,2015,11,rf_reg,raikkonen,6,10
2016,2012,2015,11,rf_clf,perez,11,18
2016,2012,2015,11,xgb_reg,hulkenberg,10,25
2016,2012,2015,11,xgb_clf,bottas,9,18
2016,2012,2015,11,xgb_ranker,bottas,9,18
2016,2012,2015,11,lgb_reg,bottas,9,18
2016,2012,2015,11,ensemble,bottas,9,18
2016,2012,2015,12,ridge,massa,20,0
2016,2012,2015,12,rf_reg,bottas,9,18
2016,2012,2015,12,rf_clf,sainz,14,10
2016,2012,2015,12,xgb_reg,massa,20,0
2016,2012,2015,12,xgb_clf,kvyat,15,8
2016,2012,2015,12,xgb_ranker,gutierrez,11,18
2016,2012,2015,12,lgb_reg,button,8,15
2016,2012,2015,12,ensemble,bottas,9,18
2016,2012,2015,13,ridge,bottas,8,15
2016,2012,2015,13,rf_reg,massa,10,25
2016,2012,2015,13,rf_clf,sainz,20,0
2016,2012,2015,13,xgb_reg,massa,10,25
2016,2012,2015,13,xgb_clf,sainz,20,0
2016,2012,2015,13,xgb_ranker,gutierrez,12,15
2016,2012,2015,13,lgb_reg,bottas,8,15
2016,2012,2015,13,ensemble,sainz,20,0
2016,2012,2015,14,ridge,hulkenberg,10,25
2016,2012,2015,14,rf_reg,perez,8,15
2016,2012,2015,14,rf_clf,gutierrez,13,12
2016,2012,2015,14,xgb_reg,massa,9,18
2016,2012,2015,14,xgb_clf,gutierrez,13,12
2016,2012,2015,14,xgb_ranker,gutierrez,13,12
2016,2012,2015,14,lgb_reg,perez,8,15
2016,2012,2015,14,ensemble,perez,8,15
2016,2012,2015,15,ridge,alonso,7,12
2016,2012,2015,15,rf_reg,perez,8,15
2016,2012,2015,15,rf_clf,button,19,1
2016,2012,2015,15,xgb_reg,vettel,5,8
2016,2012,2015,15,xgb_clf,kvyat,9,18
2016,2012,2015,15,xgb_ranker,kvyat,9,18
2016,2012,2015,15,lgb_reg,perez,8,15
2016,2012,2015,15,ensemble,kvyat,9,18
2016,2012,2015,16,ridge,massa,13,12
2016,2012,2015,16,rf_reg,bottas,5,8
2016,2012,2015,16,rf_clf,kvyat,14,10
2016,2012,2015,16,xgb_reg,massa,13,12
2016,2012,2015,16,xgb_clf,sainz,11,18
2016,2012,2015,16,xgb_ranker,kvyat,14,10
2016,2012,2015,16,lgb_reg,bottas,5,8
2016,2012,2015,16,ensemble,kvyat,14,10
2016,2012,2015,17,ridge,bottas,10,25
2016,2012,2015,17,rf_reg,hulkenberg,8,15
2016,2012,2015,17,rf_clf,sainz,17,4
2016,2012,2015,17,xgb_reg,gutierrez,20,0
2016,2012,2015,17,xgb_clf,sainz,17,4
2016,2012,2015,17,xgb_ranker,gutierrez,20,0
2016,2012,2015,17,lgb_reg,perez,7,12
2016,2012,2015,17,ensemble,gutierrez,20,0
2016,2012,2015,18,ridge,massa,7,12
2016,2012,2015,18,rf_reg,hulkenberg,20,0
2016,2012,2015,18,rf_clf,sainz,6,10
2016,2012,2015,18,xgb_reg,hulkenberg,20,0
2016,2012,2015,18,xgb_clf,sainz,6,10
2016,2012,2015,18,xgb_ranker,sainz,6,10
2016,2012,2015,18,lgb_reg,hulkenberg,20,0
2016,2012,2015,18,ensemble,sainz,6,10
2016,2012,2015,19,ridge,ricciardo,3,4
2016,2012,2015,19,rf_reg,max_verstappen,4,6
2016,2012,2015,19,rf_clf,max_verstappen,4,6
2016,2012,2015,19,xgb_reg,ricciardo,3,4
2016,2012,2015,19,xgb_clf,max_verstappen,4,6
2016,2012,2015,19,xgb_ranker,max_verstappen,4,6
2016,2012,2015,19,lgb_reg,ricciardo,3,4
2016,2012,2015,19,ensemble,max_verstappen,4,6
2016,2012,2015,20,ridge,bottas,11,18
2016,2012,2015,20,rf_reg,hulkenberg,7,12
2016,2012,2015,20,rf_clf,kvyat,13,12
2016,2012,2015,20,xgb_reg,grosjean,20,0
2016,2012,2015,20,xgb_clf,bottas,11,18
2016,2012,2015,20,xgb_ranker,bottas,11,18
2016,2012,2015,20,lgb_reg,perez,4,6
2016,2012,2015,20,ensemble,bottas,11,18
2016,2012,2015,21,ridge,hulkenberg,7,12
2016,2012,2015,21,rf_reg,massa,9,18
2016,2012,2015,21,rf_clf,massa,9,18
2016,2012,2015,21,xgb_reg,massa,9,18
2016,2012,2015,21,xgb_clf,sainz,18,2
2016,2012,2015,21,xgb_ranker,sainz,18,2
2016,2012,2015,21,lgb_reg,hulkenberg,7,12
2016,2012,2015,21,ensemble,sainz,18,2
