circuit_id,year,avg_pit_stops,pit_stop_variance,n_races
albert_park,2011,2.142857142857143,,1
albert_park,2012,2.1578947368421053,,1
albert_park,2013,2.5238095238095237,,1
albert_park,2014,1.8888888888888888,,1
albert_park,2015,1.3076923076923077,,1
albert_park,2016,2.25,,1
albert_park,2017,1.25,,1
albert_park,2018,1.1764705882352942,,1
albert_park,2019,1.1578947368421053,,1
albert_park,2022,1.2222222222222223,,1
albert_park,2023,3.611111111111111,,1
albert_park,2024,2.0,,1
americas,2012,1.0909090909090908,,1
americas,2013,1.2857142857142858,,1
americas,2014,2.25,,1
americas,2015,2.473684210526316,,1
americas,2016,2.0476190476190474,,1
americas,2017,1.3157894736842106,,1
americas,2018,1.3333333333333333,,1
americas,2019,1.736842105263158,,1
americas,2021,2.05,,1
americas,2022,1.894736842105263,,1
americas,2023,2.0,,1
americas,2024,1.2105263157894737,,1
bahrain,2012,2.9583333333333335,,1
bahrain,2013,3.227272727272727,,1
bahrain,2014,2.590909090909091,,1
bahrain,2015,2.263157894736842,,1
bahrain,2016,2.789473684210526,,1
bahrain,2017,1.7222222222222223,,1
bahrain,2018,1.736842105263158,,1
bahrain,2019,2.0,,1
bahrain,2020,2.583333333333333,0.34722222222222215,2
bahrain,2021,2.1052631578947367,,1
bahrain,2022,2.9,,1
bahrain,2023,2.6315789473684212,,1
bahrain,2024,2.15,,1
baku,2016,1.5,,1
baku,2017,3.7058823529411766,,1
baku,2018,2.1176470588235294,,1
baku,2019,1.368421052631579,,1
baku,2021,3.2777777777777777,,1
baku,2022,1.4210526315789473,,1
baku,2023,1.2105263157894737,,1
baku,2024,1.1,,1
catalunya,2011,3.2083333333333335,,1
catalunya,2012,2.9130434782608696,,1
catalunya,2013,3.761904761904762,,1
catalunya,2014,2.1818181818181817,,1
catalunya,2015,2.3,,1
catalunya,2016,2.35,,1
catalunya,2017,2.0555555555555554,,1
catalunya,2018,1.3125,,1
catalunya,2019,1.85,,1
catalunya,2020,1.75,,1
catalunya,2021,1.9473684210526316,,1
catalunya,2022,2.65,,1
catalunya,2023,2.15,,1
catalunya,2024,2.1,,1
hockenheimring,2012,2.5,,1
hockenheimring,2014,2.619047619047619,,1
hockenheimring,2016,2.727272727272727,,1
hockenheimring,2018,2.1052631578947367,,1
hockenheimring,2019,4.105263157894737,,1
hungaroring,2011,3.6666666666666665,,1
hungaroring,2012,2.4166666666666665,,1
hungaroring,2013,2.6666666666666665,,1
hungaroring,2014,2.0952380952380953,,1
hungaroring,2015,4.8,,1
hungaroring,2016,2.0454545454545454,,1
hungaroring,2017,1.105263157894737,,1
hungaroring,2018,1.1111111111111112,,1
hungaroring,2019,1.2,,1
hungaroring,2020,2.25,,1
hungaroring,2021,3.25,,1
hungaroring,2022,2.1,,1
hungaroring,2023,2.0,,1
hungaroring,2024,2.0,,1
imola,2020,1.5789473684210527,,1
imola,2021,2.9473684210526314,,1
imola,2022,1.3888888888888888,,1
imola,2024,1.35,,1
interlagos,2011,2.4166666666666665,,1
interlagos,2012,3.45,,1
interlagos,2013,2.238095238095238,,1
interlagos,2014,2.888888888888889,,1
interlagos,2015,2.5789473684210527,,1
interlagos,2016,3.1,,1
interlagos,2017,4.0588235294117645,,1
interlagos,2018,1.3157894736842106,,1
interlagos,2019,2.25,,1
interlagos,2021,3.95,,1
interlagos,2022,2.4444444444444446,,1
interlagos,2023,3.9411764705882355,,1
interlagos,2024,1.9444444444444444,,1
istanbul,2011,3.5652173913043477,,1
istanbul,2020,1.9,,1
istanbul,2021,1.0526315789473684,,1
jeddah,2021,2.473684210526316,,1
jeddah,2022,1.1176470588235294,,1
jeddah,2023,1.2,,1
jeddah,2024,1.0555555555555556,,1
losail,2021,1.5,,1
losail,2023,3.0,,1
losail,2024,3.3333333333333335,,1
marina_bay,2011,3.0,,1
marina_bay,2012,2.3333333333333335,,1
marina_bay,2013,2.4545454545454546,,1
marina_bay,2014,2.7,,1
marina_bay,2015,2.1,,1
marina_bay,2016,3.4,,1
marina_bay,2017,4.823529411764706,,1
marina_bay,2018,1.3157894736842106,,1
marina_bay,2019,1.45,,1
marina_bay,2022,1.4,,1
marina_bay,2023,1.3888888888888888,,1
marina_bay,2024,1.15,,1
miami,2022,1.3157894736842106,,1
miami,2023,1.0,,1
miami,2024,1.4,,1
monaco,2011,1.8695652173913044,,1
monaco,2012,1.2380952380952381,,1
monaco,2013,1.4285714285714286,,1
monaco,2014,1.4210526315789473,,1
monaco,2015,1.631578947368421,,1
monaco,2016,2.25,,1
monaco,2017,1.4736842105263157,,1
monaco,2018,1.3,,1
monaco,2019,1.15,,1
monaco,2021,1.0555555555555556,,1
monaco,2022,2.789473684210526,,1
monaco,2023,1.85,,1
monaco,2024,18.9375,,1
monza,2011,2.0588235294117645,,1
monza,2012,1.3478260869565217,,1
monza,2013,1.2,,1
monza,2014,1.0952380952380953,,1
monza,2015,1.2777777777777777,,1
monza,2016,1.7727272727272727,,1
monza,2017,1.105263157894737,,1
monza,2018,1.1666666666666667,,1
monza,2019,1.45,,1
monza,2020,1.9473684210526316,,1
monza,2021,1.2222222222222223,,1
monza,2022,1.5555555555555556,,1
monza,2023,1.3157894736842106,,1
monza,2024,1.5789473684210527,,1
mugello,2020,4.714285714285714,,1
nurburgring,2011,2.272727272727273,,1
nurburgring,2013,2.6666666666666665,,1
nurburgring,2020,1.736842105263158,,1
portimao,2020,1.25,,1
portimao,2021,3.1578947368421053,,1
red_bull_ring,2014,1.8636363636363635,,1
red_bull_ring,2015,1.2352941176470589,,1
red_bull_ring,2016,3.8,,1
red_bull_ring,2017,1.1764705882352942,,1
red_bull_ring,2018,1.3529411764705883,,1
red_bull_ring,2019,1.15,,1
red_bull_ring,2020,1.7708333333333335,0.7300347222222223,2
red_bull_ring,2021,1.3421052631578947,0.012465373961218844,2
red_bull_ring,2022,2.1,,1
red_bull_ring,2023,3.15,,1
red_bull_ring,2024,2.25,,1
ricard,2018,1.1764705882352942,,1
ricard,2019,1.15,,1
ricard,2021,1.1,,1
ricard,2022,1.3157894736842106,,1
rodriguez,2015,2.111111111111111,,1
rodriguez,2016,1.3333333333333333,,1
rodriguez,2017,1.2777777777777777,,1
rodriguez,2018,1.5263157894736843,,1
rodriguez,2019,1.368421052631579,,1
rodriguez,2021,1.3888888888888888,,1
rodriguez,2022,1.15,,1
rodriguez,2023,2.0,,1
rodriguez,2024,1.2352941176470589,,1
sepang,2011,2.6818181818181817,,1
sepang,2012,3.3043478260869565,,1
sepang,2013,3.4761904761904763,,1
sepang,2014,2.75,,1
sepang,2015,2.7777777777777777,,1
sepang,2016,2.2,,1
sepang,2017,1.1111111111111112,,1
shanghai,2011,2.4166666666666665,,1
shanghai,2012,2.2916666666666665,,1
shanghai,2013,2.85,,1
shanghai,2014,2.142857142857143,,1
shanghai,2015,2.111111111111111,,1
shanghai,2016,3.0,,1
shanghai,2017,4.315789473684211,,1
shanghai,2018,1.5,,1
shanghai,2019,1.85,,1
shanghai,2024,2.0,,1
silverstone,2011,2.4545454545454546,,1
silverstone,2012,1.8695652173913044,,1
silverstone,2013,2.5,,1
silverstone,2014,1.3333333333333333,,1
silverstone,2015,2.2,,1
silverstone,2016,2.1363636363636362,,1
silverstone,2017,1.5,,1
silverstone,2018,1.4736842105263157,,1
silverstone,2019,1.5263157894736843,,1
silverstone,2020,1.6720588235294116,0.2856790657439445,2
silverstone,2021,2.1578947368421053,,1
silverstone,2022,2.764705882352941,,1
silverstone,2023,1.3333333333333333,,1
silverstone,2024,2.3684210526315788,,1
sochi,2014,1.15,,1
sochi,2015,1.1176470588235294,,1
sochi,2016,1.368421052631579,,1
sochi,2017,1.25,,1
sochi,2018,1.0526315789473684,,1
sochi,2019,1.3157894736842106,,1
sochi,2020,1.3333333333333333,,1
sochi,2021,1.95,,1
spa,2011,2.3636363636363638,,1
spa,2012,1.9,,1
spa,2013,2.0476190476190474,,1
spa,2014,2.3,,1
spa,2015,2.111111111111111,,1
spa,2016,3.0,,1
spa,2017,2.2222222222222223,,1
spa,2018,2.125,,1
spa,2019,1.263157894736842,,1
spa,2020,1.1764705882352942,,1
spa,2022,2.111111111111111,,1
spa,2023,1.9473684210526316,,1
spa,2024,1.7894736842105263,,1
suzuka,2011,2.7083333333333335,,1
suzuka,2012,2.090909090909091,,1
suzuka,2013,2.4,,1
suzuka,2014,3.590909090909091,,1
suzuka,2015,2.25,,1
suzuka,2016,1.7272727272727273,,1
suzuka,2017,1.2941176470588236,,1
suzuka,2018,1.15,,1
suzuka,2019,1.631578947368421,,1
suzuka,2022,2.3333333333333335,,1
suzuka,2023,2.15,,1
suzuka,2024,3.0,,1
vegas,2023,1.631578947368421,,1
vegas,2024,1.95,,1
villeneuve,2011,3.260869565217391,,1
villeneuve,2012,1.6818181818181819,,1
villeneuve,2013,2.0,,1
villeneuve,2014,1.9411764705882353,,1
villeneuve,2015,1.15,,1
villeneuve,2016,1.8,,1
villeneuve,2017,1.2352941176470589,,1
villeneuve,2018,1.1111111111111112,,1
villeneuve,2019,1.1578947368421053,,1
villeneuve,2022,1.7777777777777777,,1
villeneuve,2023,1.736842105263158,,1
villeneuve,2024,2.210526315789474,,1
yas_marina,2011,2.0,,1
yas_marina,2012,1.4285714285714286,,1
yas_marina,2013,1.9523809523809523,,1
yas_marina,2014,2.05,,1
yas_marina,2015,2.210526315789474,,1
yas_marina,2016,1.85,,1
yas_marina,2017,1.1,,1
yas_marina,2018,1.0588235294117647,,1
yas_marina,2019,1.3157894736842106,,1
yas_marina,2020,1.2105263157894737,,1
yas_marina,2021,1.6111111111111112,,1
yas_marina,2022,1.55,,1
yas_marina,2023,1.85,,1
yas_marina,2024,1.4736842105263157,,1
zandvoort,2021,1.45,,1
zandvoort,2022,3.6,,1
zandvoort,2023,5.315789473684211,,1
zandvoort,2024,1.3,,1
